Metacritic,avis,Pays,languages,title,year,duration,note,n_total,Genre,Director,Acteurs,Public,Descriptions
169,10.5K,United States,English,The Shawshank Redemption,1994,"2,h, ,22,m",9.3,2.7M,"Drama,Back to top",Frank Darabont,"Tim Robbins,Morgan Freeman,Bob Gunton,William Sadler,Clancy Brown,Gil Bellows,Mark Rolston,James Whitmore,Jeffrey DeMunn,Larry Brandenburg,Neil Giuntoli,Brian Libby,David Proval,Joseph Ragno,Jude Ciccolella,Paul McCrane,Renee Blaine,Scott Mann",R,"Two imprisoned men bond over a number of years, finding solace and eventual redemption through acts of common decency."
154,2K,United States,,12 Angry Men,1957,"1,h, ,36,m",9.0,789K,"Crime,Drama,Back to top",Sidney Lumet,"Henry Fonda,Lee J. Cobb,Martin Balsam,John Fiedler,E.G. Marshall,Jack Klugman,Edward Binns,Jack Warden,Joseph Sweeney,Ed Begley,George Voskovec,Robert Webber,Rudy Bond,Tom Gorman,James Kelly,Billy Nelson,John Savoca,Walter Stocker",Approved,The jury in a New York City murder trial is frustrated by a single member whose skeptical caution forces them to more carefully consider the evidence before jumping to a hasty verdict.
442,8.3K,"United States,United Kingdom","English,Mandarin",The Dark Knight,2008,"2,h, ,32,m",9.0,2.6M,"Action,Crime,Drama,Back to top",Christopher Nolan,"Christian Bale,Heath Ledger,Aaron Eckhart,Michael Caine,Maggie Gyllenhaal,Gary Oldman,Morgan Freeman,Monique Gabriela Curnen,Ron Dean,Cillian Murphy,Chin Han,Nestor Carbonell,Eric Roberts,Ritchie Coster,Anthony Michael Hall,Keith Szarabajka,Colin McFarlane,Joshua Harto",PG-13,"When the menace known as the Joker wreaks havoc and chaos on the people of Gotham, Batman must accept one of the greatest psychological and physical tests of his ability to fight injustice."
175,2.1K,United States,"English,Hebrew,German,Polish,Latin",Schindler's List,1993,"3,h, ,15,m",9.0,1.4M,"Biography,Drama,History,Back to top",Steven Spielberg,"Liam Neeson,Ralph Fiennes,Ben Kingsley,Caroline Goodall,Jonathan Sagall,Embeth Davidtz,Malgorzata Gebel,Shmuel Levy,Mark Ivanir,Béatrice Macola,Andrzej Seweryn,Friedrich von Thun,Krzysztof Luft,Harry Nehring,Norbert Weisser,Adi Nitzan,Michael Schneider,Miri Fabian",R,"In German-occupied Poland during World War II, industrialist Oskar Schindler gradually becomes concerned for his Jewish workforce after witnessing their persecution by the Nazis."
343,4.1K,"New Zealand,United States","English,Quenya,Old English,Sindarin",The Lord of the Rings: The Return of the King,2003,"3,h, ,21,m",9.0,1.8M,"Action,Adventure,Drama,Back to top",Peter Jackson,"Elijah Wood,Viggo Mortensen,Ian McKellen,Orlando Bloom,Noel Appleby,Ali Astin,Sean Astin,David Aston,John Bach,Sean Bean,Cate Blanchett,Billy Boyd,Sadwyn Brophy,Alistair Browning,Marton Csokas,Richard Edge,Jason Fitch,Bernard Hill",PG-13,Gandalf and Aragorn lead the World of Men against Sauron's army to draw his gaze from Frodo and Sam as they approach Mount Doom with the One Ring.
307,3.5K,United States,"English,Spanish,French",Pulp Fiction,1994,"2,h, ,34,m",8.9,2M,"Crime,Drama,Back to top",Quentin Tarantino,"John Travolta,Uma Thurman,Samuel L. Jackson,Bruce Willis,Tim Roth,Amanda Plummer,Laura Lovelace,Phil LaMarr,Frank Whaley,Burr Steers,Ving Rhames,Paul Calderon,Bronagh Gallagher,Rosanna Arquette,Eric Stoltz,Jerome Patrick Hoban,Michael Gilden,Gary Shorelle",R,"The lives of two mob hitmen, a boxer, a gangster and his wife, and a pair of diner bandits intertwine in four tales of violence and redemption."
134,1.3K,United States,"English,Italian,Spanish,Latin,Sicilian",The Godfather Part II,1974,"3,h, ,22,m",9.0,1.3M,"Crime,Drama,Back to top",Francis Ford Coppola,"Al Pacino,Robert De Niro,Robert Duvall,Diane Keaton,John Cazale,Talia Shire,Lee Strasberg,Michael V. Gazzo,G.D. Spradlin,Richard Bright,Gastone Moschin,Tom Rosqui,Bruno Kirby,Frank Sivero,Francesca De Sapio,Morgana King,Marianna Hill,Leopoldo Trieste",R,"The early life and career of Vito Corleone in 1920s New York City is portrayed, while his son, Michael, expands and tightens his grip on the family crime syndicate."
194,5.2K,United States,"English,Italian,Latin",The Godfather,1972,"2,h, ,55,m",9.2,1.9M,"Crime,Drama,Back to top",Francis Ford Coppola,"Marlon Brando,Al Pacino,James Caan,Diane Keaton,Richard S. Castellano,Robert Duvall,Sterling Hayden,John Marley,Richard Conte,Al Lettieri,Abe Vigoda,Talia Shire,Gianni Russo,John Cazale,Rudy Bond,Al Martino,Morgana King,Lenny Montana",R,The aging patriarch of an organized crime dynasty in postwar New York City transfers control of his clandestine empire to his reluctant youngest son.
218,5.7K,"New Zealand,United States","English,Sindarin",The Lord of the Rings: The Fellowship of the Ring,2001,"2,h, ,58,m",8.8,1.9M,"Action,Adventure,Drama,Back to top",Peter Jackson,"Elijah Wood,Ian McKellen,Orlando Bloom,Sean Bean,Alan Howard,Noel Appleby,Sean Astin,Sala Baker,Billy Boyd,Andy Serkis,Marton Csokas,Viggo Mortensen,Megan Edwards,Michael Elsworth,Cate Blanchett,Mark Ferguson,Ian Holm,Christopher Lee",PG-13,A meek Hobbit from the Shire and eight companions set out on a journey to destroy the powerful One Ring and save Middle-earth from the Dark Lord Sauron.
160,1.3K,"Italy,Spain,West Germany",,"The Good, the Bad and the Ugly",1966,"2,h, ,58,m",8.8,761K,"Adventure,Western,Back to top",Sergio Leone,"Clint Eastwood,Eli Wallach,Lee Van Cleef,Aldo Giuffrè,Luigi Pistilli,Rada Rassimov,Enzo Petito,Claudio Scarchilli,John Bartha,Livio Lorenzon,Antonio Casale,Sandro Scarchilli,Benito Stefanelli,Angelo Novi,Antonio Casas,Aldo Sambrell,Al Mulock,Sergio Mendizábal",R,A bounty hunting scam joins two men in an uneasy alliance against a third in a race to find a fortune in gold buried in a remote cemetery.
176,3K,United States,English,Forrest Gump,1994,"2,h, ,22,m",8.8,2.1M,"Drama,Romance,Back to top",Robert Zemeckis,"Tom Hanks,Robin Wright,Gary Sinise,Sally Field,Rebecca Williams,Michael Conner Humphreys,Harold G. Herthum,George Kelly,Bob Penny,John Randall,Sam Anderson,Margo Moorer,Ione M. Telech,Christine Seabrook,John Worsham,Peter Dobson,Siobhan Fallon Hogan,Alexander Zemeckis",PG-13,"The presidencies of Kennedy and Johnson, the Vietnam War, the Watergate scandal and other historical events unfold from the perspective of an Alabama man with an IQ of 75, whose only desire is to be reunited with his childhood sweetheart."
479,4.6K,"United States,United Kingdom","English,Japanese,French",Inception,2010,"2,h, ,28,m",8.8,2.3M,"Action,Adventure,Sci-Fi,Back to top",Christopher Nolan,"Leonardo DiCaprio,Joseph Gordon-Levitt,Elliot Page,Ken Watanabe,Tom Hardy,Dileep Rao,Cillian Murphy,Tom Berenger,Marion Cotillard,Pete Postlethwaite,Michael Caine,Lukas Haas,Tai-Li Lee,Claire Geare,Magnus Nolan,Taylor Geare,Johnathan Geare,Tohoru Masamune",PG-13,"A thief who steals corporate secrets through the use of dream-sharing technology is given the inverse task of planting an idea into the mind of a C.E.O., but his tragic past may doom the project and his team to disaster."
373,4.3K,"Germany,United States",English,Fight Club,1999,"2,h, ,19,m",8.8,2.1M,"Drama,Back to top",David Fincher,"Brad Pitt,Edward Norton,Meat Loaf,Zach Grenier,Richmond Arquette,David Andrews,George Maguire,Eugenie Bondurant,Christina Cabot,Helena Bonham Carter,Sydney 'Big Dawg' Colston,Rachel Singer,Christie Cronenweth,Tim DeZarn,Ezra Buzzington,Dierdre Downing-Jackson,Bob Stephenson,Charlie Dell",R,An insomniac office worker and a devil-may-care soap maker form an underground fight club that evolves into much more.
254,4.8K,"United States,Australia",English,The Matrix,1999,"2,h, ,16,m",8.7,1.9M,"Action,Sci-Fi,Back to top",Lana Wachowski,"Keanu Reeves,Laurence Fishburne,Carrie-Anne Moss,Hugo Weaving,Gloria Foster,Joe Pantoliano,Marcus Chong,Julian Arahanga,Matt Doran,Belinda McClory,Anthony Ray Parker,Paul Goddard,Robert Taylor,David Aston,Marc Aden Gray,Ada Nicodemou,Deni Gordon,Rowan Witt",R,"When a beautiful stranger leads computer hacker Neo to a forbidding underworld, he discovers the shocking truth--the life he knows is the elaborate deception of an evil cyber-intelligence."
242,1.4K,United States,English,Star Wars: Episode V - The Empire Strikes Back,1980,"2,h, ,4,m",8.7,1.3M,"Action,Adventure,Fantasy,Back to top",Irvin Kershner,"Mark Hamill,Harrison Ford,Carrie Fisher,Billy Dee Williams,Anthony Daniels,David Prowse,Peter Mayhew,Kenny Baker,Frank Oz,Alec Guinness,Jeremy Bulloch,John Hollis,Jack Purvis,Des Webb,Clive Revill,Kenneth Colley,Julian Glover,Michael Sheard",PG,"After the Rebels are brutally overpowered by the Empire on the ice planet Hoth, Luke Skywalker begins Jedi training with Yoda, while his friends are pursued across the galaxy by Darth Vader and bounty hunter Boba Fett."
111,332,"United Kingdom,India,United States,South Africa",,Gandhi,1982,"3,h, ,11,m",8.1,233K,"Biography,Drama,History,Back to top",Richard Attenborough,"Ben Kingsley,John Gielgud,Rohini Hattangadi,Roshan Seth,Candice Bergen,Edward Fox,Trevor Howard,John Mills,Martin Sheen,Ian Charleson,Günther Maria Halmer,Athol Fugard,Saeed Jaffrey,Geraldine James,Alyque Padamsee,Amrish Puri,Ian Bannen,Michael Bryant",PG,The life of the lawyer who became the famed leader of the Indian revolts against the British rule through his philosophy of nonviolent protest.
319,2.7K,"New Zealand,United States","English,Sindarin,Old English",The Lord of the Rings: The Two Towers,2002,"2,h, ,59,m",8.8,1.7M,"Action,Adventure,Drama,Back to top",Peter Jackson,"Elijah Wood,Ian McKellen,Viggo Mortensen,Orlando Bloom,Bruce Allpress,Sean Astin,John Bach,Sala Baker,Cate Blanchett,Billy Boyd,Jed Brophy,Sam Comery,Brad Dourif,Calum Gittins,Bernard Hill,Bruce Hopkins,Paris Howe Strewe,Christopher Lee",PG-13,"While Frodo and Sam edge closer to Mordor with the help of the shifty Gollum, the divided fellowship makes a stand against Sauron's new ally, Saruman, and his hordes of Isengard."
298,647,"United States,India",English,The Help,2011,"2,h, ,26,m",8.1,460K,"Drama,Back to top",Tate Taylor,"Viola Davis,Emma Stone,Octavia Spencer,Bryce Dallas Howard,Jessica Chastain,Ahna O'Reilly,Allison Janney,Anna Camp,Eleanor Henry,Emma Henry,Christopher Lowell,Cicely Tyson,Mike Vogel,Sissy Spacek,Brian Kerwin,Wes Chatham,Aunjanue Ellis,Ted Welch",PG-13,"An aspiring author during the civil rights movement of the 1960s decides to write a book detailing the African American maids' point of view on the white families for which they work, and the hardships they go through on a daily basis."
142,630,United States,English,The Iron Giant,1999,"1,h, ,26,m",8.1,199K,"Animation,Action,Adventure,Back to top",Brad Bird,"Eli Marienthal,Harry Connick Jr.,Jennifer Aniston,Vin Diesel,James Gammon,Cloris Leachman,Christopher McDonald,John Mahoney,M. Emmet Walsh,Jack Angel,Bob Bergen,Mary Kay Bergman,Michael Bird,Devon Cole Borisoff,Rodger Bumpass,Robert Clotworthy,Jennifer Darling,Zack Eginton",PG,A young boy befriends a giant robot from outer space that a paranoid government agent wants to destroy.
342,2.2K,United States,"English,Mandarin,Cantonese",Everything Everywhere All at Once,2022,"2,h, ,19,m",8.1,250K,"Action,Adventure,Comedy,Back to top",Dan Kwan,"Michelle Yeoh,Stephanie Hsu,Jamie Lee Curtis,Ke Huy Quan,James Hong,Tallie Medel,Jenny Slate,Harry Shum Jr.,Randy Newman,Biff Wiff,Sunita Mani,Aaron Lazar,Brian Le,Andy Le,Narayana Cabral,Chelsey Goldsmith,Craig Henningsen,Anthony Molinari",R,"An aging Chinese immigrant is swept up in an insane adventure, in which she alone can save the world by exploring other universes connecting with the lives she could have led."
123,454,United Kingdom,,Life of Brian,1979,"1,h, ,34,m",8.0,401K,"Comedy,Back to top",Terry Jones,"Graham Chapman,John Cleese,Michael Palin,Terry Gilliam,Eric Idle,Terry Jones,Terence Bayler,Carol Cleveland,Kenneth Colley,Neil Innes,Charles McKeown,John Young,Gwen Taylor,Sue Jones-Davies,Peter Brett,John Case,Chris Langham,Andrew MacLachlan",R,"Born on the original Christmas in the stable next door to Jesus Christ, Brian of Nazareth spends his life being mistaken for a messiah."
56,119,"Soviet Union,Japan","Russian,Chinese",Dersu Uzala,1975,"2,h, ,22,m",8.2,30K,"Adventure,Biography,Drama,Back to top",Akira Kurosawa,"Maksim Munzuk,Yuriy Solomin,Mikhail Bychkov,Vladimir Khrulyov,V. Lastochkin,Stanislav Marin,Igor Sykhra,Vladimir Sergiyakov,Yanis Yakobsons,Vladimir Khlestov,G. Polunin,V. Koldin,M. Tetov,S. Sinyavskiy,Vladimir Sverba,V. Ignatov,Vladimir Kremena,Aleksandr Pyatkov",G,The Russian army sends an explorer on an expedition to the snowy Siberian wilderness where he makes friends with a seasoned local hunter.
152,387,United States,English,Aladdin,1992,"1,h, ,30,m",8.0,421K,"Animation,Adventure,Comedy,Back to top",Ron Clements,"Scott Weinger,Robin Williams,Linda Larkin,Jonathan Freeman,Frank Welker,Gilbert Gottfried,Douglas Seale,Charlie Adler,Jack Angel,Corey Burton,Philip L. Clarke,Jim Cummings,Jennifer Darling,Debi Derryberry,Bruce Gooch,Jerry Houser,Vera Lockwood,Sherry Lynn",G,A kindhearted street urchin and a power-hungry Grand Vizier vie for a magic lamp that has the power to make their deepest wishes come true.
146,270,Sweden,,Persona,1966,"1,h, ,23,m",8.1,120K,"Drama,Thriller,Back to top",Ingmar Bergman,"Bibi Andersson,Liv Ullmann,Margaretha Krook,Gunnar Björnstrand,Jörgen Lindström",Not Rated,A nurse is put in charge of a mute actress and finds that their personae are melding together.
120,347,United States,,It Happened One Night,1934,"1,h, ,45,m",8.1,105K,"Comedy,Romance,Back to top",Frank Capra,"Clark Gable,Claudette Colbert,Walter Connolly,Roscoe Karns,Jameson Thomas,Alan Hale,Arthur Hoyt,Blanche Friderici,Charles C. Wilson,Ernie Adams,Jessie Arnold,Irving Bacon,William Bailey,William Begg,William A. Boardway,Ward Bond,Harry C. Bradley,George P. Breakston",Passed,"A renegade reporter trailing a young runaway heiress for a big story joins her on a bus heading from Florida to New York, and they end up stuck with each other when the bus leaves them behind at one of the stops."
350,333,South Korea,"Korean,Japanese",The Handmaiden,2016,"2,h, ,25,m",8.1,148K,"Drama,Romance,Thriller,Back to top",Park Chan-wook,"Kim Min-hee,Ha Jung-woo,Cho Jin-woong,Moon So-ri,Kim Tae-ri,Yong-nyeo Lee,Min-chae Yoo,Dong-hwi Lee,Kim Hae-sook,Kyu-jung Lee,Si-eun Kim,Si-yeon Ha,Rina Takagi,Geun-hee Won,Jong-Dae Kim,Han-sun Jang,Eun-yeong Kim,Ri-woo Kim",Not Rated,"A woman is hired as a handmaiden to a Japanese heiress, but secretly she is involved in a plot to defraud her."
134,533,United States,"English,German",The Sound of Music,1965,"2,h, ,52,m",8.1,236K,"Biography,Drama,Family,Back to top",Robert Wise,"Julie Andrews,Christopher Plummer,Eleanor Parker,Richard Haydn,Peggy Wood,Charmian Carr,Heather Menzies-Urich,Nicholas Hammond,Duane Chase,Angela Cartwright,Debbie Turner,Kym Karath,Anna Lee,Portia Nelson,Ben Wright,Daniel Truhitte,Norma Varden,Gilchrist Stuart",G,A young novitiate is sent by her convent in 1930s Austria to become a governess to the seven children of a widowed naval officer.
181,239,France,,The 400 Blows,1959,"1,h, ,39,m",8.1,119K,"Crime,Drama,Back to top",François Truffaut,"Jean-Pierre Léaud,Albert Rémy,Claire Maurier,Guy Decomble,Georges Flamant,Patrick Auffay,Daniel Couturier,François Nocher,Richard Kanayan,Renaud Fontanarosa,Michel Girard,Serge Moati,Bernard Abbou,Jean-François Bergouignan,Michel Lesignor,Luc Andrieux,Robert Beauvais,Bouchon",Not Rated,"A young boy, left without attention, delves into a life of petty crime."
107,388,United States,,Cool Hand Luke,1967,"2,h, ,7,m",8.1,178K,"Crime,Drama,Back to top",Stuart Rosenberg,"Paul Newman,George Kennedy,Strother Martin,J.D. Cannon,Lou Antonio,Robert Drivas,Jo Van Fleet,Clifton James,Morgan Woodward,Luke Askew,Marc Cavell,Richard Davalos,Robert Donner,Warren Finnerty,Dennis Hopper,John McLiam,Wayne Rogers,Harry Dean Stanton",GP,"A laid back Southern man is sentenced to two years in a rural prison, but refuses to conform."
214,393,United States,,Rebecca,1940,"2,h, ,10,m",8.1,138K,"Drama,Film-Noir,Mystery,Back to top",Alfred Hitchcock,"Laurence Olivier,Joan Fontaine,George Sanders,Judith Anderson,Nigel Bruce,Reginald Denny,C. Aubrey Smith,Gladys Cooper,Florence Bates,Melville Cooper,Leo G. Carroll,Leonard Carey,Lumsden Hare,Edward Fielding,Philip Winter,Forrester Harvey,Bunny Beatty,Billy Bevan",Approved,A self-conscious woman juggles adjusting to her new role as an aristocrat's wife and avoiding being intimidated by his first wife's spectral presence.
8,139,Turkey,Turkish,My Father and My Son,2005,"1,h, ,52,m",8.2,87K,"Drama,Family,Back to top",Çagan Irmak,"Çetin Tekindor,Fikret Kuskan,Hümeyra,Ege Tanman,Serif Sezer,Yetkin Dikinciler,Binnur Kaya,Mahmut Gökgöz,Nergis Çorakçi,Bilge Sen,Tuba Büyüküstün,Özge Özberk,Erdal Tosun,Halit Ergenç,Tugyan Akay Kavukçu,Ege Kaya,Muzaffer Demirel,Burak Akçakaya",Not Rated,The family of a left-wing journalist is torn apart after the military coup of Turkey in 1980.
156,420,Mexico,Spanish,Amores Perros,2000,"2,h, ,34,m",8.1,241K,"Drama,Thriller,Back to top",Alejandro G. Iñárritu,"Emilio Echevarría,Gael García Bernal,Goya Toledo,Álvaro Guerrero,Vanessa Bauche,Jorge Salinas,Marco Pérez,Rodrigo Murray,Humberto Busto,Gerardo Campbell,Rosa María Bianchi,Dunia Saldívar,Adriana Barraza,José Sefami,Lourdes Echevarría,Laura Almela,Ricardo Dalmacci,Gustavo Sánchez Parra",R,"A horrific car accident connects three stories, each involving characters dealing with loss, regret, and life's harsh realities, all in the name of love."
100,391,United States,,The Grapes of Wrath,1940,"2,h, ,9,m",8.1,94K,"Drama,Back to top",John Ford,"Henry Fonda,Jane Darwell,John Carradine,Charley Grapewin,Dorris Bowdon,Russell Simpson,O.Z. Whitehead,John Qualen,Eddie Quillan,Zeffie Tilbury,Frank Sully,Frank Darien,Darryl Hickman,Shirley Mills,Roger Imhof,Grant Mitchell,Charles D. Brown,John Arledge",Passed,"An Oklahoma family, driven off their farm by the poverty and hopelessness of the Dust Bowl, joins the westward migration to California, suffering the misfortunes of the homeless in the Great Depression."
182,2.3K,United States,English,Pirates of the Caribbean: The Curse of the Black Pearl,2003,"2,h, ,23,m",8.1,1.1M,"Action,Adventure,Fantasy,Back to top",Gore Verbinski,"Johnny Depp,Geoffrey Rush,Orlando Bloom,Keira Knightley,Jack Davenport,Jonathan Pryce,Lee Arenberg,Mackenzie Crook,Damian O'Hare,Giles New,Angus Barnett,David Bailie,Michael Berry Jr.,Isaac C. Singleton Jr.,Kevin McNally,Treva Etienne,Zoe Saldana,Guy Siner",PG-13,"Blacksmith Will Turner teams up with eccentric pirate ""Captain"" Jack Sparrow to save his love, the governor's daughter, from Jack's former pirate allies, who are now undead."
21,3.4K,India,,Jai Bhim,2021,"2,h, ,44,m",8.9,202K,"Crime,Drama,Mystery,Back to top",T.J. Gnanavel,"Suriya,Lijo Mol Jose,Manikandan K.,Rajisha Vijayan,Prakash Raj,Rao Ramesh,Guru Somasundaram,M.S. Bhaskar,V. Jayaprakash,Sibi Thomas,Ilavarasu,Jayarao,Sujatha Sivakumar,Ravi Venkatraman,Tamizh,Kumaravel,Supergood Subramani,Bala Hasan",TV-MA,"When a tribal man is arrested for a case of alleged theft, his wife turns to a human-rights lawyer to help bring justice."
97,616,"United Kingdom,United States","English,Japanese",Hachi: A Dog's Tale,2009,"1,h, ,33,m",8.1,286K,"Biography,Drama,Family,Back to top",Lasse Hallström,"Richard Gere,Joan Allen,Cary-Hiroyuki Tagawa,Sarah Roemer,Jason Alexander,Erick Avari,Davenia McFadden,Robbie Sublett,Kevin DeCoste,Rob Degnan,Tora Hallström,Donna Sorbello,Frank S. Aronson,Troy Doherty,Ian Sherman,Timothy Crowe,Denece Ryland,Blake Friedman",G,A college professor bonds with an abandoned dog he takes into his home.
91,259,"France,United States",French,La haine,1995,"1,h, ,38,m",8.1,175K,"Crime,Drama,Back to top",Mathieu Kassovitz,"Vincent Cassel,Hubert Koundé,Saïd Taghmaoui,Abdel Ahmed Ghili,Solo,Joseph Momo,Héloïse Rauth,Rywka Wajsbrot,Olga Abrego,Laurent Labasse,Choukri Gabteni,Nabil Ben Mhamed,Benoît Magimel,Médard Niang,Arash Mansour,Abdel-Moulah Boujdouni,Mathilde Vitry,Christian Moro",Not Rated,24 hours in the lives of three young men in the French suburbs the day after a violent riot.
66,161,United States,,To Be or Not to Be,1942,"1,h, ,39,m",8.2,38K,"Comedy,Romance,War,Back to top",Ernst Lubitsch,"Carole Lombard,Jack Benny,Robert Stack,Felix Bressart,Lionel Atwill,Stanley Ridges,Sig Ruman,Tom Dugan,Charles Halton,George Lynn,Henry Victor,Maude Eburne,Halliwell Hobbes,Miles Mander,Rudolph Anders,Paul Barrett,Sven Hugo Borg,Danny Borzage",Passed,"During the Nazi occupation of Poland, an acting troupe becomes embroiled in a Polish soldier's efforts to track down a German spy."
145,314,"Italy,Algeria",,The Battle of Algiers,1966,"2,h, ,1,m",8.1,61K,"Drama,War,Back to top",Gillo Pontecorvo,"Brahim Hadjadj,Jean Martin,Yacef Saadi,Samia Kerbash,Ugo Paletti,Fusia El Kader,Mohamed Ben Kassen,Franco Moruzzi,Tommaso Neri,Rouïched,Gene Wesson",Not Rated,"In the 1950s, fear and violence escalate as the people of Algiers fight for independence from the French government."
114,342,United States,,The Best Years of Our Lives,1946,"2,h, ,50,m",8.1,65K,"Drama,Romance,War,Back to top",William Wyler,"Myrna Loy,Dana Andrews,Fredric March,Teresa Wright,Virginia Mayo,Cathy O'Donnell,Hoagy Carmichael,Harold Russell,Gladys George,Roman Bohnen,Ray Collins,Minna Gombell,Walter Baldwin,Steve Cochran,Dorothy Adams,Don Beddoe,Marlene Aames,Charles Halton",Approved,"Three World War II veterans, two of them traumatized or disabled, return home to the American midwest to discover that they and their families have been irreparably changed."
241,1K,United States,"English,French",The Incredibles,2004,"1,h, ,55,m",8.0,737K,"Animation,Action,Adventure,Back to top",Brad Bird,"Craig T. Nelson,Samuel L. Jackson,Holly Hunter,Jason Lee,Dominique Louis,Teddy Newton,Jean Sincere,Eli Fucile,Maeve Andrews,Wallace Shawn,Spencer Fox,Lou Romano,Wayne Canney,Sarah Vowell,Michael Bird,Elizabeth Peña,Bud Luckey,Brad Bird",PG,"While trying to lead a quiet suburban life, a family of undercover superheroes are forced into action to save the world."
238,1.4K,United States,"English,Latin,Greek,French,German,Arabic,Kurdish",The Exorcist,1973,"2,h, ,2,m",8.1,409K,"Horror,Back to top",William Friedkin,"Ellen Burstyn,Max von Sydow,Linda Blair,Lee J. Cobb,Kitty Winn,Jack MacGowran,Jason Miller,William O'Malley,Barton Heyman,Peter Masterson,Rudolf Schündler,Gina Petrushka,Robert Symonds,Arthur Storch,Thomas Bermingham,Vasiliki Maliaros,Titos Vandis,John Mahon",R,"When a teenage girl is possessed by a mysterious entity, her mother seeks the help of two priests to save her daughter."
143,905,United States,,Groundhog Day,1993,"1,h, ,41,m",8.1,632K,"Comedy,Drama,Fantasy,Back to top",Harold Ramis,"Bill Murray,Andie MacDowell,Chris Elliott,Stephen Tobolowsky,Brian Doyle-Murray,Marita Geraghty,Angela Paton,Rick Ducommun,Rick Overton,Robin Duke,Carol Bivins,Willie Garson,Ken Hudson Campbell,Les Podewell,Rod Sell,Tom Milanovich,John M. Watson Sr.,Peggy Roeder",PG,"A narcissistic, self-centered weatherman finds himself in a time loop on Groundhog Day, and the day keeps repeating until he gets it right."
237,597,"United States,France","English,French",Before Sunset,2004,"1,h, ,20,m",8.1,265K,"Drama,Romance,Back to top",Richard Linklater,"Ethan Hawke,Julie Delpy,Vernon Dobtcheff,Louise Lemoine Torrès,Rodolphe Pauly,Mariane Plasteig,Diabolo,Denis Evrard,Albert Delpy,Marie Pillet",R,"Nine years after Jesse and Celine first met, they encounter each other again on the French leg of Jesse's book tour."
165,798,United States,English,The Wizard of Oz,1939,"1,h, ,42,m",8.1,401K,"Adventure,Family,Fantasy,Back to top",Victor Fleming,"Judy Garland,Frank Morgan,Ray Bolger,Bert Lahr,Jack Haley,Billie Burke,Margaret Hamilton,Charley Grapewin,Pat Walshe,Clara Blandick,Terry,The Singer Midgets,Franz Balluck,Josefine Balluck,Dorothy Barrett,Amelia Batchelor,Charles Becker,Freda Betsky",G,"Young Dorothy Gale and her dog Toto are swept away by a tornado from their Kansas farm to the magical Land of Oz, and embark on a quest with three new friends to see the Wizard, who can return her to her home and fulfill the others' wishes."
185,436,United States,,Network,1976,"2,h, ,1,m",8.1,161K,"Drama,Back to top",Sidney Lumet,"Faye Dunaway,William Holden,Peter Finch,Robert Duvall,Wesley Addy,Ned Beatty,Arthur Burghardt,Bill Burrows,John Carpenter,Jordan Charney,Kathy Cronkite,Ed Crowley,Jerome Dempsey,Conchata Ferrell,Gene Gross,Stanley Grover,Cindy Grover,Darryl Hickman",R,"A television network cynically exploits a deranged former anchor's ravings and revelations about the news media for its own profit, but finds that his message may be difficult to control."
247,1K,United States,"English,Danish",Into the Wild,2007,"2,h, ,28,m",8.1,624K,"Adventure,Biography,Drama,Back to top",Sean Penn,"Emile Hirsch,Vince Vaughn,Catherine Keener,Marcia Gay Harden,William Hurt,Jena Malone,Brian H. Dierker,Kristen Stewart,Hal Holbrook,Jim Gallien,James O'Neill,Malinda McCollum,Paul Knauls,Zach Galifianakis,Craig Mutsch,Jim Beidler,John Decker,John Hofer",R,"After graduating from Emory University, top student and athlete Christopher McCandless abandons his possessions, gives his entire $24,000 savings account to charity and hitchhikes to Alaska to live in the wilderness. Along the way, Christopher encounters a series of characters that shape his life."
119,186,India,,Pather Panchali,1955,"2,h, ,5,m",8.3,34K,"Drama,Back to top",Satyajit Ray,"Kanu Bannerjee,Karuna Bannerjee,Subir Banerjee,Chunibala Devi,Uma Das Gupta,Runki Banerjee,Reba Devi,Aparna Devi,Tulsi Chakraborty,Haren Banerjee,Rampada Das,Nibhanani Devi,Rama Gangopadhaya,Roma Ganguli,Binoy Mukherjee,Haridhan Nag,Harimohan Nag,Kshirod Roy",Not Rated,"Impoverished priest Harihar Ray, dreaming of a better life for himself and his family, leaves his rural Bengal village in search of work."
424,646,"United Kingdom,United States","English,German,Italian,French,Spanish",Rush,2013,"2,h, ,3,m",8.1,481K,"Action,Biography,Drama,Back to top",Ron Howard,"Daniel Brühl,Chris Hemsworth,Olivia Wilde,Alexandra Maria Lara,Pierfrancesco Favino,David Calder,Natalie Dormer,Stephen Mangan,Christian McKay,Alistair Petrie,Julian Rhind-Tutt,Colin Stinton,Jamie de Courcey,Augusto Dallara,Ilario Calvo,Patrick Baladi,Vincent Riotta,Martin Savage",R,The merciless 1970s rivalry between Formula One rivals James Hunt and Niki Lauda.
305,862,United States,"English,French",Ratatouille,2007,"1,h, ,51,m",8.1,736K,"Animation,Adventure,Comedy,Back to top",Brad Bird,"Brad Garrett,Lou Romano,Patton Oswalt,Ian Holm,Brian Dennehy,Peter Sohn,Peter O'Toole,Janeane Garofalo,Will Arnett,Julius Callahan,James Remar,John Ratzenberger,Teddy Newton,Tony Fucile,Jake Steinfeld,Brad Bird,Stéphane Roux,Jack Bird",G,A rat who can cook makes an unusual alliance with a young kitchen worker at a famous Paris restaurant.
659,1.7K,United States,"English,Spanish",Logan,2017,"2,h, ,17,m",8.1,762K,"Action,Drama,Sci-Fi,Back to top",James Mangold,"Hugh Jackman,Patrick Stewart,Dafne Keen,Boyd Holbrook,Stephen Merchant,Elizabeth Rodriguez,Richard E. Grant,Eriq La Salle,Elise Neal,Quincy Fouse,Al Coronel,Frank Gallegos,Anthony Escobar,Reynaldo Gallegos,Krzysztof Soszynski,Stephen Dunlevy,Daniel Bernhardt,Ryan Sturz",R,"In a future where mutants are nearly extinct, an elderly and weary Logan leads a quiet life. But when Laura, a mutant child pursued by scientists, comes to him for help, he must get her to safety."
137,788,United States,English,Stand by Me,1986,"1,h, ,29,m",8.1,405K,"Adventure,Drama,Back to top",Rob Reiner,"Wil Wheaton,River Phoenix,Corey Feldman,Jerry O'Connell,Kiefer Sutherland,Casey Siemaszko,Gary Riley,Bradley Gregg,Jason Oliver Lipsett,Marshall Bell,Frances Lee McCain,Bruce Kirby,William Bronder,Scott Beach,Richard Dreyfuss,John Cusack,Madeleine Swift,Popeye",R,"After the death of one of his friends, a writer recounts a childhood journey with his friends to find the body of a missing boy."
251,1K,"United Kingdom,United States","English,Spanish",The Terminator,1984,"1,h, ,47,m",8.1,865K,"Action,Sci-Fi,Back to top",James Cameron,"Arnold Schwarzenegger,Linda Hamilton,Michael Biehn,Paul Winfield,Lance Henriksen,Rick Rossovich,Bess Motta,Earl Boen,Dick Miller,Shawn Schepps,Bruce M. Kerner,Franco Columbu,Bill Paxton,Brad Rearden,Brian Thompson,William Wisher,Ken Fritz,Tom Oberhaus",R,"A human soldier is sent from 2029 to 1984 to stop an almost indestructible cyborg killing machine, sent from the same year, which has been programmed to execute a young woman whose unborn son is the key to humanity's future salvation."
516,696,United States,English,Spotlight,2015,"2,h, ,9,m",8.1,471K,"Biography,Crime,Drama,Back to top",Tom McCarthy,"Mark Ruffalo,Michael Keaton,Rachel McAdams,Liev Schreiber,John Slattery,Brian d'Arcy James,Stanley Tucci,Elena Wohl,Gene Amoroso,Doug Murray,Sharon McFarlane,Jamey Sheridan,Neal Huff,Billy Crudup,Robert B. Kennedy,Duane Murray,Brian Chamberlain,Michael Cyril Creighton",R,"The true story of how the Boston Globe uncovered the massive scandal of child molestation and cover-up within the local Catholic Archdiocese, shaking the entire Catholic Church to its core."
136,671,"United States,United Kingdom","English,Vietnamese",Platoon,1986,"2,h",8.1,415K,"Drama,War,Back to top",Oliver Stone,"Charlie Sheen,Tom Berenger,Willem Dafoe,Keith David,Forest Whitaker,Francesco Quinn,Kevin Dillon,John C. McGinley,Reggie Johnson,Mark Moses,Corey Glover,Johnny Depp,Chris Pedersen,Bob Orwig,Corkey Ford,David Neidorf,Richard Edson,Tony Todd",R,"Chris Taylor, a neophyte recruit in Vietnam, finds himself caught in a battle of wills between two sergeants, one good and the other evil. A shrewd examination of the brutality of war and the duality of man in conflict."
193,793,United States,English,Rocky,1976,"2,h",8.1,576K,"Drama,Sport,Back to top",John G. Avildsen,"Sylvester Stallone,Talia Shire,Burt Young,Carl Weathers,Burgess Meredith,Thayer David,Joe Spinell,Jimmy Gambina,Bill Baldwin,Al Silvani,George Memmoli,Jodi Letizia,Diana Lewis,George O'Hanlon,Larry Carroll,Stan Shaw,Don Sherman,Billy Sands",PG,A small-time Philadelphia boxer gets a supremely rare chance to fight the world heavyweight champion in a bout in which he strives to go the distance for his self-respect.
355,1.6K,United States,"English,Italian,French,Japanese",Ford v Ferrari,2019,"2,h, ,32,m",8.1,393K,"Action,Biography,Drama,Back to top",James Mangold,"Matt Damon,Christian Bale,Jon Bernthal,Caitríona Balfe,Josh Lucas,Noah Jupe,Tracy Letts,Remo Girone,Ray McKinnon,JJ Feild,Jack McMullen,Corrado Invernizzi,Joe Williamson,Ian Harding,Christopher Darga,Shawn Law,Emil Beheshti,Darrin Prescott",PG-13,American car designer Carroll Shelby and driver Ken Miles battle corporate interference and the laws of physics to build a revolutionary race car for Ford in order to defeat Ferrari at the 24 Hours of Le Mans in 1966.
158,710,"United Kingdom,South Africa,Italy,United States","English,French,Kinyarwanda",Hotel Rwanda,2004,"2,h, ,1,m",8.1,357K,"Biography,Drama,History,Back to top",Terry George,"Don Cheadle,Sophie Okonedo,Joaquin Phoenix,Xolani Mali,Desmond Dube,Hakeem Kae-Kazim,Tony Kgoroge,Rosie Motene,Neil McCarthy,Mabutho 'Kid' Sithole,Nick Nolte,Fana Mokoena,Jeremiah Ndlovu,Lebo Mashile,Antonio David Lyons,Leleti Khumalo,Kgomotso Seitshohlo,Lerato Mokgotho",PG-13,"Paul Rusesabagina, a hotel manager, houses over a thousand Tutsi refugees during their struggle against the Hutu militia in Rwanda, Africa."
100,200,Japan,,Tokyo Story,1953,"2,h, ,16,m",8.2,62K,"Drama,Back to top",Yasujirô Ozu,"Chishû Ryû,Chieko Higashiyama,Sô Yamamura,Setsuko Hara,Haruko Sugimura,Kuniko Miyake,Kyôko Kagawa,Eijirô Tôno,Nobuo Nakamura,Shirô Ôsaka,Hisao Toake,Teruko Nagaoka,Mutsuko Sakura,Toyo Takahashi,Tôru Abe,Sachiko Mitani,Zen Murase,Mitsuhiro Môri",Not Rated,"An old couple visit their children and grandchildren in the city, but receive little attention."
136,231,France,,The Passion of Joan of Arc,1928,"1,h, ,54,m",8.2,56K,"Biography,Drama,History,Back to top",Carl Theodor Dreyer,"Maria Falconetti,Eugene Silvain,André Berley,Maurice Schutz,Antonin Artaud,Michel Simon,Jean d'Yd,Louis Ravet,Armand Lurville,Jacques Arnna,Alexandre Mihalesco,Léon Larive,Jean Aymé,Camille Bardou,Gilbert Dacheux,Gilbert Dalleu,Paul Delauzac,Dimitri Dimitriev",Passed,"In 1431, Jeanne d'Arc is placed on trial on charges of heresy. The ecclesiastical jurists attempt to force Jeanne to recant her claims of holy visions."
118,763,United States,,Dead Poets Society,1989,"2,h, ,8,m",8.1,491K,"Comedy,Drama,Back to top",Peter Weir,"Robin Williams,Robert Sean Leonard,Ethan Hawke,Josh Charles,Gale Hansen,Dylan Kussman,Allelon Ruggiero,James Waterston,Norman Lloyd,Kurtwood Smith,Carla Belver,Leon Pownall,George Martin,Joe Aufiery,Matt Carey,Kevin Cooney,Jane Moore,Lara Flynn Boyle",PG,Maverick teacher John Keating uses poetry to embolden his boarding school students to new heights of self-expression.
205,1.4K,"United States,United Kingdom",,The Big Lebowski,1998,"1,h, ,57,m",8.1,809K,"Comedy,Crime,Back to top",Joel Coen,"Jeff Bridges,John Goodman,Julianne Moore,Steve Buscemi,David Huddleston,Philip Seymour Hoffman,Tara Reid,Philip Moon,Mark Pellegrino,Peter Stormare,Flea,Torsten Voges,Jimmie Dale Gilmore,Jack Kehler,John Turturro,James G. Hoosier,Carlos Leon,Terrence Burton",R,"Ultimate L.A. slacker Jeff ""The Dude"" Lebowski, mistaken for a millionaire of the same name, seeks restitution for a rug ruined by debt collectors, enlisting his bowling buddies for help while trying to find the millionaire's missing wife."
301,1.4K,United States,English,Jaws,1975,"2,h, ,4,m",8.1,607K,"Adventure,Thriller,Back to top",Steven Spielberg,"Roy Scheider,Robert Shaw,Richard Dreyfuss,Lorraine Gary,Murray Hamilton,Carl Gottlieb,Jeffrey Kramer,Susan Backlinie,Jonathan Filley,Ted Grossman,Chris Rebello,Jay Mello,Lee Fierro,Jeffrey Voorhees,Craig Kingsbury,Robert Nevin,Peter Benchley,Jonathan Searle",PG,"When a killer shark unleashes chaos on a beach community off Cape Cod, it's up to a local sheriff, a marine biologist, and an old seafarer to hunt the beast down."
246,769,United States,English,"Monsters, Inc.",2001,"1,h, ,32,m",8.1,908K,"Animation,Adventure,Comedy,Back to top",Pete Docter,"Billy Crystal,John Goodman,Mary Gibbs,Steve Buscemi,James Coburn,Jennifer Tilly,Bob Peterson,John Ratzenberger,Frank Oz,Daniel Gerson,Steve Susskind,Bonnie Hunt,Jeff Pidgeon,Samuel Lord Black,Jack Angel,Bob Bergen,Rodger Bumpass,Gino Conforti",G,"In order to power the city, monsters have to scare children so that they scream. However, the children are toxic to the monsters, and after a child gets through, two monsters realize things may not be what they think."
193,715,United States,English,How to Train Your Dragon,2010,"1,h, ,38,m",8.1,740K,"Animation,Action,Adventure,Back to top",Dean DeBlois,"Jay Baruchel,Gerard Butler,Christopher Mintz-Plasse,Craig Ferguson,America Ferrera,Jonah Hill,T.J. Miller,Kristen Wiig,Robin Atkin Downes,Philip McGrade,Kieron Elliott,Ashley Jensen,David Tennant,Thom Adcox-Hernandez,Tony Anselmo,Bob Bouchard,Nicholas Guest,Kelly Nigh",PG,"A hapless young Viking who aspires to hunt dragons becomes the unlikely friend of a young dragon himself, and learns there may be more to the creatures than he assumed."
487,795,"Ireland,Canada,United Kingdom,United States",English,Room,2015,"1,h, ,58,m",8.1,421K,"Drama,Thriller,Back to top",Lenny Abrahamson,"Brie Larson,Jacob Tremblay,Sean Bridgers,Wendy Crewson,Sandy McMaster,Matt Gordon,Amanda Brugel,Joe Pingue,Joan Allen,Zarrin Darnell-Martin,Cas Anvar,William H. Macy,Jee-Yun Lee,Randal Edwards,Justin Mader,Ola Sturik,Rodrigo Fernandez-Stoll,Rory O'Shea",R,"Held captive for 7 years in an enclosed space, a woman and her young son finally gain their freedom, allowing the boy to experience the outside world for the first time."
143,394,Sweden,,The Seventh Seal,1957,"1,h, ,36,m",8.1,186K,"Drama,Fantasy,Back to top",Ingmar Bergman,"Max von Sydow,Gunnar Björnstrand,Bengt Ekerot,Nils Poppe,Bibi Andersson,Inga Gill,Maud Hansson,Inga Landgré,Gunnel Lindblom,Bertil Anderberg,Anders Ek,Åke Fridell,Gunnar Olsson,Erik Strandmark,Siv Aleros,Sten Ardenstam,Harry Asklund,Benkt-Åke Benktsson",Not Rated,"A knight returning to Sweden after the Crusades seeks answers about life, death, and the existence of God as he plays chess against the Grim Reaper during the Black Plague."
183,259,Australia,"English,Yiddish",Mary and Max,2009,"1,h, ,32,m",8.1,178K,"Animation,Comedy,Drama,Back to top",Adam Elliot,"Toni Collette,Philip Seymour Hoffman,Eric Bana,Barry Humphries,Christopher Massey,Oliver Marks,Daisy Kocher,Daniel Marks,Hamish Hughes,Dan Doherty,Julie Forsyth,Mandy Mao,Patrick McCabe,Adam Elliot,Mr. Peck,Michael James Allen,Bill Murphy,Shaun Patten",Not Rated,"A tale of friendship between two unlikely pen pals: Mary, a lonely, eight-year-old girl living in the suburbs of Melbourne, and Max, a forty-four-year old, severely obese man living in New York."
841,2.2K,Australia,"English,Russian",Mad Max: Fury Road,2015,"2,h",8.1,1M,"Action,Adventure,Sci-Fi,Back to top",George Miller,"Tom Hardy,Charlize Theron,Nicholas Hoult,Zoë Kravitz,Hugh Keays-Byrne,Josh Helman,Nathan Jones,Rosie Huntington-Whiteley,Riley Keough,Abbey Lee,Courtney Eaton,John Howard,Richard Carter,Iota,Angus Sampson,Jennifer Hagan,Megan Gale,Melissa Jaffer",R,"In a post-apocalyptic wasteland, a woman rebels against a tyrannical ruler in search for her homeland with the aid of a group of female prisoners, a psychotic worshiper, and a drifter named Max."
181,385,South Korea,"Korean,English",Memories of Murder,2003,"2,h, ,12,m",8.1,185K,"Crime,Drama,Mystery,Back to top",Bong Joon Ho,"Song Kang-ho,Kim Sang-kyung,Roe-ha Kim,Jae-ho Song,Byun Hee-Bong,Seo-hie Ko,Tae-ho Ryu,No-shik Park,Park Hae-il,Mi-seon Jeon,Young-hwa Seo,Woo Go-na,Ok-joo Lee,Jong-ryol Choi,Seung-mok Yoo,Hun-Kyung Lee,Shin Hyun-jong,Jae-eung Lee",Not Rated,"In a small Korean province in 1986, two detectives struggle with the case of multiple young women being found raped and murdered by an unknown culprit."
317,280,"Argentina,Spain,France,United Kingdom",Spanish,Wild Tales,2014,"2,h, ,2,m",8.1,199K,"Comedy,Drama,Thriller,Back to top",Damián Szifron,"Darío Grandinetti,María Marull,Mónica Villa,Diego Starosta,Marcelo Frasca,Lucila Mangone,María Laura Caccamo,Carlos Alberto Vavassori,Pablo Machado,Horacio Vay,Javier Pedersoli,Héctor Drachtman,María Rosa López Ottonello,Rita Cortese,Julieta Zylberberg,César Bordón,Juan Santiago Linari,Leonardo Sbaraglia",R,Six short stories that explore the extremities of human behavior involving people in distress.
97,340,United States,,Mr. Smith Goes to Washington,1939,"2,h, ,9,m",8.1,116K,"Comedy,Drama,Back to top",Frank Capra,"James Stewart,Jean Arthur,Claude Rains,Edward Arnold,Guy Kibbee,Thomas Mitchell,Eugene Pallette,Beulah Bondi,H.B. Warner,Harry Carey,Astrid Allwyn,Ruth Donnelly,Grant Mitchell,Porter Hall,H.V. Kaltenborn,Charles Lane,Pierre Watkin,Dick Elliott",Passed,"A naive youth leader is appointed to fill a vacancy in the U.S. Senate. His idealistic plans promptly collide with corruption at home and subterfuge from his hero in Washington, but he tries to forge ahead despite attacks on his character."
70,348,United States,,Sherlock Jr.,1924,"45,m",8.2,51K,"Action,Comedy,Romance,Back to top",Buster Keaton,"Buster Keaton,Kathryn McGuire,Joe Keaton,Erwin Connelly,Ward Crane,Jane Connelly,George Davis,Doris Deane,Christine Francis,Betsy Ann Hisle,Kewpie Morgan,Steve Murphy,John Patrick,Ford West",Passed,"A film projectionist longs to be a detective, and puts his meagre skills to work when he is framed by a rival for stealing his girlfriend's father's pocketwatch."
482,1.1K,"Australia,United States,United Kingdom,China","English,Japanese",Hacksaw Ridge,2016,"2,h, ,19,m",8.1,525K,"Biography,Drama,History,Back to top",Mel Gibson,"Andrew Garfield,Sam Worthington,Luke Bracey,Teresa Palmer,Richard Pyros,Jacob Warner,Milo Gibson,Darcy Bryce,Roman Guerriero,James Lugton,Kasia Stelmach,Hugo Weaving,Rachel Griffiths,Jarin Towney,Tim McGarry,Tyler Coppin,Richard Platt,Nathaniel Buzolic",R,"World War II American Army Medic Desmond T. Doss, who served during the Battle of Okinawa, refuses to kill people and becomes the first man in American history to receive the Medal of Honor without firing a shot."
145,1.2K,"United States,United Kingdom","English,Vietnamese,French,Russian,Cantonese",The Deer Hunter,1978,"3,h, ,3,m",8.1,340K,"Drama,War,Back to top",Michael Cimino,"Robert De Niro,Christopher Walken,John Cazale,John Savage,Meryl Streep,George Dzundza,Chuck Aspegren,Shirley Stoler,Rutanya Alda,Pierre Segui,Mady Kaplan,Amy Wright,Mary Ann Haenel,Richard Kuss,Joe Grifasi,Christopher Colombi Jr.,Victoria Karnafel,Jack Scardino",R,An in-depth examination of the ways in which the Vietnam War impacts and disrupts the lives of several friends in a small steel mill town in Pennsylvania.
118,809,"Spain,United Kingdom,United States","English,Saami",Klaus,2019,"1,h, ,36,m",8.1,152K,"Animation,Adventure,Comedy,Back to top",Sergio Pablos,"Jason Schwartzman,J.K. Simmons,Rashida Jones,Will Sasso,Neda Margrethe Labba,Sergio Pablos,Norm MacDonald,Joan Cusack,Evan Agos,Sky Alexis,Jaeden Bettencourt,Teddy Blum,Mila Brener,Sydney Brower,Finn Carr,Kendall Joy Hall,Hailey Hermida,Lexie Holland",PG,"A simple act of kindness always sparks another, even in a frozen, faraway place. When Smeerensburg's new postman, Jesper, befriends toymaker Klaus, their gifts melt an age-old feud and deliver a sleigh full of holiday traditions."
105,529,"United Kingdom,United States",,Barry Lyndon,1975,"3,h, ,5,m",8.1,169K,"Adventure,Drama,War,Back to top",Stanley Kubrick,"Ryan O'Neal,Marisa Berenson,Patrick Magee,Hardy Krüger,Steven Berkoff,Gay Hamilton,Marie Kean,Diana Körner,Murray Melvin,Frank Middlemass,André Morell,Arthur O'Sullivan,Godfrey Quigley,Leonard Rossiter,Philip Stone,Leon Vitali,John Bindon,Roger Booth",PG,An Irish rogue wins the heart of a rich widow and assumes her dead husband's aristocratic position in 18th-century England.
65,221,"Ireland,United Kingdom",,In the Name of the Father,1993,"2,h, ,13,m",8.1,176K,"Biography,Crime,Drama,Back to top",Jim Sheridan,"Daniel Day-Lewis,Pete Postlethwaite,Alison Crosbie,Philip King,Emma Thompson,Nye Heron,Anthony Brophy,Frankie McCafferty,Paul Warriner,Julian Walsh,Stuart Wolfenden,Jo Connor,Karen Carlisle,Seamus Moran,Billy Byrne,Maureen McBride,Jane Nolan,Laurence Griffin",R,A man's coerced confession to an I.R.A. bombing he did not commit results in the imprisonment of his father as well. An English lawyer fights to free them.
144,191,"France,Italy",,The Wages of Fear,1953,"2,h, ,11,m",8.2,62K,"Adventure,Drama,Thriller,Back to top",Henri-Georges Clouzot,"Yves Montand,Charles Vanel,Peter van Eyck,Folco Lulli,Véra Clouzot,William Tubbs,Darío Moreno,Jo Dest,Antonio Centa,Luis De Lima,Grégoire Gromoff,Josep Palau i Fabre,Faustini,Seguna,Darling Légitimus,René Baranger,Pat Hurst,Evelio Larenagas",Not Rated,"In a decrepit South American village, four men are hired to transport an urgent nitroglycerine shipment without the equipment that would make it safe."
122,335,United States,,The General,1926,"1,h, ,7,m",8.2,92K,"Action,Adventure,Comedy,Back to top",Clyde Bruckman,"Buster Keaton,Marion Mack,Glen Cavender,Jim Farley,Frederick Vroom,Frank Barnes,Charles Henry Smith,Joe Keaton,Mike Donlin,Tom Nawn,Henry Baird,Joe Bricher,Jimmy Bryant,Sergeant Bukowski,C.C. Cruson,Jack Dempster,Keith Fennell,Budd Fine",Passed,"After being rejected by the Confederate military, not realizing it was due to his crucial civilian role, an engineer must single-handedly recapture his beloved locomotive after it is seized by Union spies and return it through enemy lines."
580,1K,"United States,Germany","English,French,German",The Grand Budapest Hotel,2014,"1,h, ,39,m",8.1,808K,"Adventure,Comedy,Crime,Back to top",Wes Anderson,"Ralph Fiennes,F. Murray Abraham,Mathieu Amalric,Adrien Brody,Willem Dafoe,Jeff Goldblum,Harvey Keitel,Jude Law,Bill Murray,Edward Norton,Saoirse Ronan,Jason Schwartzman,Léa Seydoux,Tilda Swinton,Tom Wilkinson,Owen Wilson,Tony Revolori,Larry Pine",R,"A writer encounters the owner of an aging high-class hotel, who tells him of his early years serving as a lobby boy in the hotel's glorious years under an exceptional concierge."
215,519,United Kingdom,,The Third Man,1949,"1,h, ,33,m",8.1,173K,"Film-Noir,Mystery,Thriller,Back to top",Carol Reed,"Orson Welles,Joseph Cotten,Alida Valli,Trevor Howard,Paul Hörbiger,Ernst Deutsch,Erich Ponto,Siegfried Breuer,Hedwig Bleibtreu,Bernard Lee,Wilfrid Hyde-White,Nelly Arno,Jack Arrow,Harold Ayer,Harry Belcher,Leo Bieber,Paul Birch,Martin Boddey",Approved,"Pulp novelist Holly Martins travels to shadowy, postwar Vienna, only to find himself investigating the mysterious death of an old friend, Harry Lime."
134,497,United States,English,Ben-Hur,1959,"3,h, ,32,m",8.1,240K,"Adventure,Drama,Back to top",William Wyler,"Charlton Heston,Jack Hawkins,Stephen Boyd,Haya Harareet,Hugh Griffith,Martha Scott,Cathy O'Donnell,Sam Jaffe,Finlay Currie,Frank Thring,Terence Longdon,George Relph,André Morell,Nello Appodia,Fortunato Arena,Bruno Ariè,Les Ballets Africains,Emma Baron",G,"After a Jewish prince is betrayed and sent into slavery by a Roman friend in 1st-century Jerusalem, he regains his freedom and comes back for revenge."
632,1.7K,United States,English,Gone Girl,2014,"2,h, ,29,m",8.1,981K,"Drama,Mystery,Thriller,Back to top",David Fincher,"Ben Affleck,Rosamund Pike,Neil Patrick Harris,Tyler Perry,Carrie Coon,Kim Dickens,Patrick Fugit,David Clennon,Lisa Banes,Missi Pyle,Emily Ratajkowski,Casey Wilson,Lola Kirke,Boyd Holbrook,Sela Ward,Lee Norris,Jamie McShane,Leonard Kelly-Young",R,"With his wife's disappearance having become the focus of an intense media circus, a man sees the spotlight turned on him when it's suspected that he may not be innocent."
490,1K,"United Kingdom,United States","English,Latin",Harry Potter and the Deathly Hallows: Part 2,2011,"2,h, ,10,m",8.1,874K,"Adventure,Family,Fantasy,Back to top",David Yates,"Daniel Radcliffe,Emma Watson,Rupert Grint,Michael Gambon,Ralph Fiennes,Alan Rickman,Evanna Lynch,Domhnall Gleeson,Clémence Poésy,Warwick Davis,John Hurt,Helena Bonham Carter,Graham Duff,Anthony Allgood,Rusty Goffe,Jon Key,Kelly Macdonald,Jason Isaacs",PG-13,"Harry, Ron, and Hermione search for Voldemort's remaining Horcruxes in their effort to destroy the Dark Lord as the final battle rages on at Hogwarts."
107,217,Sweden,,Wild Strawberries,1957,"1,h, ,31,m",8.1,108K,"Drama,Romance,Back to top",Ingmar Bergman,"Victor Sjöström,Bibi Andersson,Ingrid Thulin,Gunnar Björnstrand,Jullan Kindahl,Folke Sundquist,Björn Bjelfvenstam,Naima Wifstrand,Gunnel Broström,Gertrud Fridh,Sif Ruud,Gunnar Sjöberg,Max von Sydow,Åke Fridell,Yngve Nordwall,Per Sjöstrand,Gio Petré,Gunnel Lindblom",Not Rated,"After living a life marked by coldness, an aging professor is forced to confront the emptiness of his existence."
159,599,"United States,Austria",,Before Sunrise,1995,"1,h, ,41,m",8.1,309K,"Drama,Romance,Back to top",Richard Linklater,"Ethan Hawke,Julie Delpy,Andrea Eckert,Hanno Pöschl,Karl Bruckschwaiger,Tex Rubinowitz,Erni Mangold,Dominik Castell,Haymon Maria Buttinger,Harald Waiglein,Bilge Jeschim,Kurti,Hans Weingartner,Liese Lyon,Peter Ily Huemer,Otto Reiter,Hubert Fabian Kulterer,Branko Andric",R,"A young man and woman meet on a train in Europe, and wind up spending one evening together in Vienna. Unfortunately, both know that this will probably be their only night together."
128,220,United States,"English,None",The Gold Rush,1925,"1,h, ,35,m",8.2,112K,"Adventure,Comedy,Drama,Back to top",Charles Chaplin,"Charles Chaplin,Mack Swain,Tom Murray,Henry Bergman,Malcolm Waite,Georgia Hale,Jack Adams,Frank Aderias,Leona Aderias,Lillian Adrian,Sam Allen,Claude Anderson,Harry Arras,Albert Austin,Marta Belfort,William Bell,Francis Bernhardt,F.J. Beuaregard",Passed,"A prospector goes to the Klondike during the 1890s gold rush in hopes of making his fortune, and is smitten with a girl he sees in a dance hall."
289,1.7K,United States,"English,German,Cantonese,Japanese,Hungarian,Arabic,Korean",Blade Runner,1982,"1,h, ,57,m",8.1,770K,"Action,Drama,Sci-Fi,Back to top",Ridley Scott,"Harrison Ford,Rutger Hauer,Sean Young,Edward James Olmos,M. Emmet Walsh,Daryl Hannah,William Sanderson,Brion James,Joe Turkel,Joanna Cassidy,James Hong,Morgan Paull,Kevin Thompson,John Edward Allen,Hy Pyke,Kimiko Hiroshige,Bob Okazaki,Carolyn DeMirjian",R,A blade runner must pursue and terminate four replicants who stole a ship in space and have returned to Earth to find their creator.
63,204,Iran,Persian,Children of Heaven,1997,"1,h, ,29,m",8.2,75K,"Drama,Family,Sport,Back to top",Majid Majidi,"Mohammad Amir Naji,Amir Farrokh Hashemian,Bahare Seddiqi,Nafise Jafar-Mohammadi,Fereshte Sarabandi,Kamal Mirkarimi,Behzad Rafi,Dariush Mokhtari,Mohammad-Hasan Hosseinian,Masume Dair,Kambiz Peykarnegar,Hasan Roohparvari,Abbas-Ali Roomandi,Jafar Seyfollahi,Qolamreza Maleki,Zahra Mirzai,Sara Zamani,Mohammad Haj-Hosseini",PG,"After a boy loses his sister's pair of shoes, he goes on a series of adventures in order to find them. When he can't, he tries a new way to ""win"" a new pair."
261,1.3K,United States,"English,Irish Gaelic",Million Dollar Baby,2004,"2,h, ,12,m",8.1,688K,"Drama,Sport,Back to top",Clint Eastwood,"Hilary Swank,Clint Eastwood,Morgan Freeman,Jay Baruchel,Mike Colter,Lucia Rijker,Brían F. O'Byrne,Anthony Mackie,Margo Martindale,Riki Lindhome,Michael Peña,Benito Martinez,Bruce MacVittie,David Powledge,Joe D'Angerio,Marcus Chait,Tom McCleister,Erica Grant",PG-13,A determined woman works with a hardened boxing trainer to become a professional.
489,972,"United States,United Kingdom",English,12 Years a Slave,2013,"2,h, ,14,m",8.1,701K,"Biography,Drama,History,Back to top",Steve McQueen,"Chiwetel Ejiofor,Michael Kenneth Williams,Michael Fassbender,Brad Pitt,Dwight Henry,Dickie Gravois,Bryan Batt,Ashley Dyke,Kelsey Scott,Quvenzhané Wallis,Cameron Zeigler,Tony Bentley,Scoot McNairy,Taran Killam,Christopher Berry,Bill Camp,Mister Mackey Jr.,Chris Chalk",R,"In the antebellum United States, Solomon Northup, a free black man from upstate New York, is abducted and sold into slavery."
167,389,United States,,On the Waterfront,1954,"1,h, ,48,m",8.1,156K,"Crime,Drama,Thriller,Back to top",Elia Kazan,"Marlon Brando,Karl Malden,Lee J. Cobb,Rod Steiger,Pat Henning,Leif Erickson,James Westerfield,Tony Galento,Tami Mauriello,John F. Hamilton,John Heldabrand,Rudy Bond,Don Blackman,Arthur Keegan,Abe Simon,Eva Marie Saint,Martin Balsam,Dan Bergin",Approved,"An ex-prize fighter turned New Jersey longshoreman struggles to stand up to his corrupt union bosses, including his older brother, as he starts to connect with the grieving sister of one of the syndicate's victims."
499,1.1K,United States,English,Prisoners,2013,"2,h, ,33,m",8.1,711K,"Crime,Drama,Mystery,Back to top",Denis Villeneuve,"Hugh Jackman,Jake Gyllenhaal,Viola Davis,Melissa Leo,Maria Bello,Terrence Howard,Paul Dano,Dylan Minnette,Zoë Soul,Erin Gerasimovich,Kyla-Drew,Wayne Duvall,Len Cariou,David Dastmalchian,Brad James,Anthony Reynolds,Robert C. Treveiler,Sandra Ellis Lafferty",R,"When Keller Dover's daughter and her friend go missing, he takes matters into his own hands as the police pursue multiple leads and the pressure mounts."
200,990,"United States,Canada","English,French",Catch Me If You Can,2002,"2,h, ,21,m",8.1,980K,"Biography,Crime,Drama,Back to top",Steven Spielberg,"Leonardo DiCaprio,Tom Hanks,Christopher Walken,Martin Sheen,Nathalie Baye,Amy Adams,James Brolin,Brian Howe,Frank John Hughes,Steve Eastin,Chris Ellis,John Finn,Jennifer Garner,Nancy Lenehan,Ellen Pompeo,Elizabeth Banks,Guy Thauvette,Candice Azzara",PG-13,"Barely 21 yet, Frank is a skilled forger who has passed as a doctor, lawyer and pilot. FBI agent Carl becomes obsessed with tracking down the con man, who only revels in the pursuit."
337,813,United States,"English,Spanish",Warrior,2011,"2,h, ,20,m",8.2,473K,"Action,Drama,Sport,Back to top",Gavin O'Connor,"Tom Hardy,Nick Nolte,Joel Edgerton,Jennifer Morrison,Frank Grillo,Kevin Dunn,Maximiliano Hernández,Bryan Callen,Sam Sheridan,Fernando Chien,Jake McLaughlin,Vanessa Martinez,Denzel Whitaker,Carlos Miranda,Nick Lehane,Laura Chinn,Capri Thomas,Lexi Cowan",PG-13,"The youngest son of an alcoholic former boxer returns home, where he's trained by his father for competition in a mixed martial arts tournament - a path that puts the fighter on a collision course with his estranged, older brother."
575,1.3K,"United Kingdom,United States",English,"Three Billboards Outside Ebbing, Missouri",2017,"1,h, ,55,m",8.1,507K,"Comedy,Crime,Drama,Back to top",Martin McDonagh,"Frances McDormand,Woody Harrelson,Sam Rockwell,Caleb Landry Jones,Kerry Condon,Alejandro Barrios,Jason Ledford,Darrell Britt-Gibson,Abbie Cornish,Riya May Atwood,Selah Atwood,Lucas Hedges,Zeljko Ivanek,Amanda Warren,Malaya Rivera Drew,Sandy Martin,Peter Dinklage,Christopher Berry",R,A mother personally challenges the local authorities to solve her daughter's murder when they fail to catch the culprit.
367,1.1K,"Germany,United States","English,Hmong",Gran Torino,2008,"1,h, ,56,m",8.1,776K,"Drama,Back to top",Clint Eastwood,"Clint Eastwood,Bee Vang,Christopher Carley,Ahney Her,Brian Haley,Geraldine Hughes,Dreama Walker,Brian Howe,John Carroll Lynch,William Hill,Brooke Chia Thao,Chee Thao,Choua Kue,Scott Eastwood,Xia Soua Chang,Sonny Vue,Doua Moua,Greg Trzaskoma",R,"Disgruntled Korean War veteran Walt Kowalski sets out to reform his neighbor, Thao Lor, a Hmong teenager who tried to steal Kowalski's prized possession: a 1972 Gran Torino."
235,1K,"United States,United Kingdom",English,Fargo,1996,"1,h, ,38,m",8.1,678K,"Crime,Thriller,Back to top",Joel Coen,"William H. Macy,Frances McDormand,Steve Buscemi,Peter Stormare,Kristin Rudrüd,Harve Presnell,Tony Denman,Gary Houston,Sally Wingert,Kurt Schweickhardt,Larissa Kokernot,Melissa Peterman,Steve Reevis,Warren Keith,Steve Edelman,Sharon Anderson,Larry Brandenburg,James Gaulke",R,Minnesota car salesman Jerry Lundegaard's inept crime falls apart due to his and his henchmen's bungling and the persistent police work of the quite pregnant Marge Gunderson.
111,377,"United Kingdom,United States",,The Bridge on the River Kwai,1957,"2,h, ,41,m",8.2,222K,"Adventure,Drama,War,Back to top",David Lean,"William Holden,Alec Guinness,Jack Hawkins,Sessue Hayakawa,James Donald,Geoffrey Horne,André Morell,Peter Williams,John Boxer,Percy Herbert,Harold Goodwin,Ann Sears,Heihachirô Ôkawa,Keiichirô Katsumoto,M.R.B. Chakrabandhu,Vilaiwan Seeboonreaung,Ngamta Suphaphongs,Javanart Punynchoti",PG,"British POWs are forced to build a railway bridge across the river Kwai for their Japanese captors in occupied Burma, not knowing that the allied forces are planning a daring commando raid through the jungle to destroy it."
156,685,United Kingdom,English,Trainspotting,1996,"1,h, ,33,m",8.1,688K,"Drama,Back to top",Danny Boyle,"Ewan McGregor,Ewen Bremner,Jonny Lee Miller,Kevin McKidd,Robert Carlyle,Kelly Macdonald,Peter Mullan,James Cosmo,Eileen Nicholas,Susan Vidler,Pauline Lynch,Shirley Henderson,Stuart McQuarrie,Irvine Welsh,Dale Winton,Keith Allen,Kevin Allen,Annie Louise Ross",R,"Renton, deeply immersed in the Edinburgh drug scene, tries to clean up and get out, despite the allure of the drugs and influence of friends."
286,344,"Argentina,Spain",Spanish,The Secret in Their Eyes,2009,"2,h, ,9,m",8.2,211K,"Drama,Mystery,Romance,Back to top",Juan José Campanella,"Ricardo Darín,Soledad Villamil,Pablo Rago,Carla Quevedo,Javier Godino,Bárbara Palladino,Rudy Romano,Alejandro Abelenda,Mario Alarcón,Guillermo Francella,Sebastián Blanco,Mariano Argento,José Luis Gioia,Juan José Ortíz,Kiko Cerone,Fernando Pardo,Maximiliano Trento,Sergio Santana",R,A retired legal counselor writes a novel hoping to find closure for one of his past unresolved homicide cases and for his unreciprocated love with his superior - both of which still haunt him decades later.
241,560,Japan,Japanese,Howl's Moving Castle,2004,"1,h, ,59,m",8.2,396K,"Animation,Adventure,Family,Back to top",Hayao Miyazaki,"Chieko Baishô,Takuya Kimura,Tatsuya Gashûin,Akihiro Miwa,Ryûnosuke Kamiki,Mitsunori Isaki,Yô Ôizumi,Akio Ôtsuka,Daijirô Harada,Haruko Katô,Jean Simmons,Christian Bale,Lauren Bacall,Blythe Danner,Emily Mortimer,Josh Hutcherson,Billy Crystal,Jena Malone",PG,"When an unconfident young woman is cursed with an old body by a spiteful witch, her only chance of breaking the spell lies with a self-indulgent yet insecure young wizard and his companions in his legged, walking castle."
115,418,United States,,Dial M for Murder,1954,"1,h, ,45,m",8.2,177K,"Crime,Thriller,Back to top",Alfred Hitchcock,"Ray Milland,Grace Kelly,Robert Cummings,John Williams,Anthony Dawson,Leo Britt,Patrick Allen,George Leigh,George Alderson,Robin Hughes,Richard Bender,Robin Sanders Clark,Jack Cunningham,Robert Dobson,Guy Doleman,Bess Flowers,Robert Garvin,Herschel Graham",PG,A former tennis star arranges the murder of his adulterous wife.
149,561,Japan,Japanese,My Neighbor Totoro,1988,"1,h, ,26,m",8.1,340K,"Animation,Comedy,Family,Back to top",Hayao Miyazaki,"Hitoshi Takagi,Noriko Hidaka,Chika Sakamoto,Shigesato Itoi,Sumi Shimamoto,Tanie Kitabayashi,Hiroko Maruyama,Machiko Washio,Reiko Suzuki,Masashi Hirose,Toshiyuki Amagasa,Shigeru Chiba,Naoki Tatsuta,Tarako,Tomohiro Nishimura,Mitsuko Ishida,Chie Kôjiro,Daiki Nakamura",G,"When two girls move to the country to be near their ailing mother, they have adventures with the wondrous forest spirits who live nearby."
120,640,United Kingdom,English,"Lock, Stock and Two Smoking Barrels",1998,"1,h, ,47,m",8.2,583K,"Action,Comedy,Crime,Back to top",Guy Ritchie,"Jason Flemyng,Dexter Fletcher,Nick Moran,Jason Statham,Steven Mackintosh,Nicholas Rowe,Nick Marcq,Charles Forbes,Vinnie Jones,Lenny McLean,Peter McNicholl,P.H. Moriarty,Frank Harper,Steve Sweeney,Huggy Leaver,Ronnie Fox,Tony McMahon,Stephen Marcus",R,"Eddy persuades his three pals to pool money for a vital poker game against a powerful local mobster, Hatchet Harry. Eddy loses, after which Harry gives him a week to pay back 500,000 pounds."
596,1.1K,United States,"English,Portuguese",Inside Out,2015,"1,h, ,35,m",8.2,713K,"Animation,Adventure,Comedy,Back to top",Pete Docter,"Amy Poehler,Bill Hader,Lewis Black,Mindy Kaling,Phyllis Smith,Richard Kind,Kaitlyn Dias,Diane Lane,Kyle MacLachlan,Paula Poundstone,Bobby Moynihan,Paula Pell,Dave Goelz,Frank Oz,Josh Cooley,Flea,John Ratzenberger,Carlos Alazraqui",PG,"After young Riley is uprooted from her Midwest life and moved to San Francisco, her emotions - Joy, Fear, Anger, Disgust and Sadness - conflict on how best to navigate a new city, house, and school."
212,2.4K,"United States,United Kingdom,Germany",English,V for Vendetta,2005,"2,h, ,12,m",8.2,1.1M,"Action,Drama,Sci-Fi,Back to top",James McTeigue,"Hugo Weaving,Natalie Portman,Rupert Graves,Stephen Rea,Stephen Fry,John Hurt,Tim Pigott-Smith,Roger Allam,Ben Miles,Sinéad Cusack,Natasha Wightman,John Standing,Eddie Marsan,Clive Ashborn,Emma Field-Rayner,Ian Burfield,Mark Phoenix,Alister Mazzotti",R,"In a future British dystopian society, a shadowy freedom fighter, known only by the alias of ""V"", plots to overthrow the tyrannical government - with the help of a young woman."
163,610,United States,,Chinatown,1974,"2,h, ,10,m",8.2,328K,"Drama,Mystery,Thriller,Back to top",Roman Polanski,"Jack Nicholson,Faye Dunaway,John Huston,Perry Lopez,John Hillerman,Darrell Zwerling,Diane Ladd,Roy Jenson,Roman Polanski,Richard Bakalyan,Joe Mantell,Bruce Glover,Nandu Hinds,James O'Rear,James Hong,Beulah Quo,Jerry Fujikawa,Belinda Palmer",R,"A private detective hired to expose an adulterer in 1930s Los Angeles finds himself caught up in a web of deceit, corruption, and murder."
136,972,United States,,Gone with the Wind,1939,"3,h, ,58,m",8.2,317K,"Drama,Romance,War,Back to top",Victor Fleming,"Clark Gable,Vivien Leigh,Thomas Mitchell,Barbara O'Neil,Evelyn Keyes,Ann Rutherford,George Reeves,Fred Crane,Hattie McDaniel,Oscar Polk,Butterfly McQueen,Victor Jory,Everett Brown,Howard Hickman,Alicia Rhett,Leslie Howard,Olivia de Havilland,Rand Brooks",Passed,The manipulative daughter of a Georgia plantation owner conducts a turbulent romance with a roguish profiteer during the American Civil War and Reconstruction periods.
161,663,United States,,Raging Bull,1980,"2,h, ,9,m",8.2,355K,"Biography,Drama,Sport,Back to top",Martin Scorsese,"Robert De Niro,Cathy Moriarty,Joe Pesci,Frank Vincent,Nicholas Colasanto,Theresa Saldana,Mario Gallo,Frank Adonis,Joseph Bono,Frank Topham,Lori Anne Flax,Charles Scorsese,Don Dunphy,Bill Hanrahan,Rita Bennett,James V. Christy,Bernie Allen,Floyd Anderson",R,"The life of boxer Jake LaMotta, whose violence and temper that led him to the top in the ring destroyed his life outside of it."
387,1.3K,"United States,Canada",,The Thing,1982,"1,h, ,49,m",8.2,426K,"Horror,Mystery,Sci-Fi,Back to top",John Carpenter,"Kurt Russell,Wilford Brimley,Keith David,Richard Masur,T.K. Carter,David Clennon,Richard Dysart,Charles Hallahan,Peter Maloney,Donald Moffat,Joel Polis,Thomas G. Waites,Norbert Weisser,Larry Franco,Nate Irwin,William Zeman,Adrienne Barbeau,John Carpenter",R,A research team in Antarctica is hunted by a shape-shifting alien that assumes the appearance of its victims.
165,471,"United States,United Kingdom",,The Elephant Man,1980,"2,h, ,4,m",8.2,242K,"Biography,Drama,Back to top",David Lynch,"Anthony Hopkins,John Hurt,Anne Bancroft,John Gielgud,Wendy Hiller,Freddie Jones,Michael Elphick,Hannah Gordon,Helen Ryan,John Standing,Dexter Fletcher,Lesley Dunlop,Phoebe Nicholls,Pat Gorman,Claire Davenport,Orla Pederson,Patsy Smart,Frederick Treves",PG,"A Victorian surgeon rescues a heavily disfigured man who is mistreated while scraping a living as a side-show freak. Behind his monstrous façade, there is revealed a person of kindness, intelligence and sophistication."
164,1K,United States,English,Finding Nemo,2003,"1,h, ,40,m",8.2,1M,"Animation,Adventure,Comedy,Back to top",Andrew Stanton,"Albert Brooks,Ellen DeGeneres,Alexander Gould,Willem Dafoe,Brad Garrett,Allison Janney,Austin Pendleton,Stephen Root,Vicki Lewis,Joe Ranft,Geoffrey Rush,Andrew Stanton,Elizabeth Perkins,Nicholas Bird,Bob Peterson,Barry Humphries,Eric Bana,Bruce Spence",G,"After his son is captured in the Great Barrier Reef and taken to Sydney, a timid clownfish sets out on a journey to bring him home."
529,2K,United States,"English,Spanish",No Country for Old Men,2007,"2,h, ,2,m",8.2,972K,"Crime,Drama,Thriller,Back to top",Ethan Coen,"Tommy Lee Jones,Javier Bardem,Josh Brolin,Woody Harrelson,Kelly Macdonald,Garret Dillahunt,Tess Harper,Barry Corbin,Stephen Root,Rodger Boyce,Beth Grant,Ana Reeder,Kit Gwin,Zach Hopkins,Chip Love,Eduardo Antonio Garcia,Gene Jones,Myk Watford",R,Violence and mayhem ensue after a hunter stumbles upon a drug deal gone wrong and more than two million dollars in cash near the Rio Grande.
335,2.4K,United States,"English,Japanese,French",Kill Bill: Vol. 1,2003,"1,h, ,51,m",8.2,1.1M,"Action,Crime,Drama,Back to top",Quentin Tarantino,"Uma Thurman,David Carradine,Daryl Hannah,Michael Madsen,Lucy Liu,Vivica A. Fox,Julie Dreyfus,Chiaki Kuriyama,Shin'ichi Chiba,Chia-Hui Liu,Michael Parks,Michael Bowen,Jun Kunimura,Kenji Ôba,Yuki Kazamatsuri,James Parks,Sakichi Sato,Jonathan Loughran",R,"After awakening from a four-year coma, a former assassin wreaks vengeance on the team of assassins who betrayed her."
140,395,Japan,,Rashomon,1950,"1,h, ,28,m",8.2,169K,"Crime,Drama,Mystery,Back to top",Akira Kurosawa,"Toshirô Mifune,Machiko Kyô,Masayuki Mori,Takashi Shimura,Minoru Chiaki,Kichijirô Ueda,Noriko Honma,Daisuke Katô",Not Rated,"The rape of a bride and the murder of her samurai husband are recalled from the perspectives of a bandit, the bride, the samurai's ghost and a woodcutter."
257,1.3K,United States,"English,Spanish",Jurassic Park,1993,"2,h, ,7,m",8.2,987K,"Action,Adventure,Sci-Fi,Back to top",Steven Spielberg,"Sam Neill,Laura Dern,Jeff Goldblum,Richard Attenborough,Bob Peck,Martin Ferrero,BD Wong,Joseph Mazzello,Ariana Richards,Samuel L. Jackson,Wayne Knight,Gerald R. Molen,Miguel Sandoval,Cameron Thor,Christopher John Fields,Whit Hertford,Dean Cundey,Jophery C. Brown",PG-13,A pragmatic paleontologist touring an almost complete theme park on an island in Central America is tasked with protecting a couple of kids after a power failure causes the park's cloned dinosaurs to run loose.
108,315,United States,,The Treasure of the Sierra Madre,1948,"2,h, ,6,m",8.2,126K,"Adventure,Drama,Western,Back to top",John Huston,"Humphrey Bogart,Walter Huston,Tim Holt,Bruce Bennett,Barton MacLane,Alfonso Bedoya,Arturo Soto Rangel,Manuel Dondé,José Torvay,Margarito Luna,Robert Blake,Guillermo Calles,Roberto Cañedo,Spencer Chan,Jacqueline Dalya,Ralph Dunn,Ernesto Escoto,Pat Flaherty",Passed,Two down-on-their-luck Americans searching for work in 1920s Mexico convince an old prospector to help them mine for gold in the Sierra Madre Mountains.
419,6.1K,United States,English,Spider-Man: No Way Home,2021,"2,h, ,28,m",8.3,749K,"Action,Adventure,Fantasy,Back to top",Jon Watts,"Tom Holland,Zendaya,Benedict Cumberbatch,Jacob Batalon,Jon Favreau,Jamie Foxx,Willem Dafoe,Alfred Molina,Benedict Wong,Tony Revolori,Marisa Tomei,Andrew Garfield,Tobey Maguire,Angourie Rice,Arian Moayed,Paula Newsome,Hannibal Buress,Martin Starr",PG-13,"With Spider-Man's identity now revealed, Peter asks Doctor Strange for help. When a spell goes wrong, dangerous foes from other worlds start to appear, forcing Peter to discover what it truly means to be Spider-Man."
116,846,United Kingdom,,Monty Python and the Holy Grail,1975,"1,h, ,31,m",8.2,542K,"Adventure,Comedy,Fantasy,Back to top",Terry Gilliam,"Graham Chapman,John Cleese,Eric Idle,Terry Gilliam,Terry Jones,Michael Palin,Connie Booth,Carol Cleveland,Neil Innes,Bee Duffell,John Young,Rita Davies,Avril Stewart,Sally Kinghorn,Mark Zycon,Elspeth Cameron,Mitsuko Forstater,Sandy Johnson",PG,"King Arthur and his Knights of the Round Table embark on a surreal, low-budget search for the Holy Grail, encountering many, very silly obstacles."
159,1.4K,United States,English,A Beautiful Mind,2001,"2,h, ,15,m",8.2,932K,"Biography,Drama,Back to top",Ron Howard,"Russell Crowe,Ed Harris,Jennifer Connelly,Christopher Plummer,Paul Bettany,Adam Goldberg,Josh Lucas,Anthony Rapp,Jason Gray-Stanford,Judd Hirsch,Austin Pendleton,Vivien Cardone,Jillie Simon,Victor Steinbach,Tanya Clarke,Thomas F. Walsh,Jesse Doran,Kent Cassella",PG-13,"After John Nash, a brilliant but asocial mathematician, accepts secret work in cryptography, his life takes a turn for the nightmarish."
122,427,United States,,The Great Escape,1963,"2,h, ,52,m",8.2,245K,"Adventure,Drama,History,Back to top",John Sturges,"Steve McQueen,James Garner,Richard Attenborough,Charles Bronson,James Donald,Donald Pleasence,James Coburn,Hannes Messemer,David McCallum,Gordon Jackson,John Leyton,Angus Lennie,Nigel Stock,Robert Graf,Jud Taylor,Hans Reiser,Harry Riebauer,William Russell",Approved,Allied prisoners of war plan for several hundred of their number to escape from a German camp during World War II.
139,232,Japan,,Yojimbo,1961,"1,h, ,50,m",8.2,124K,"Action,Drama,Thriller,Back to top",Akira Kurosawa,"Toshirô Mifune,Eijirô Tôno,Tatsuya Nakadai,Yôko Tsukasa,Isuzu Yamada,Daisuke Katô,Seizaburô Kawazu,Takashi Shimura,Hiroshi Tachikawa,Yôsuke Natsuki,Kamatari Fujiwara,Ikio Sawamura,Atsushi Watanabe,Susumu Fujita,Kyû Sazanka,Kô Nishimura,Takeshi Katô,Ichirô Nakatani",Not Rated,A crafty ronin comes to a town divided by two criminal gangs and decides to play them against each other to free the town.
252,1.4K,United States,English,The Truman Show,1998,"1,h, ,43,m",8.2,1.1M,"Comedy,Drama,Back to top",Peter Weir,"Jim Carrey,Ed Harris,Laura Linney,Noah Emmerich,Natascha McElhone,Holland Taylor,Brian Delate,Blair Slater,Peter Krause,Heidi Schanz,Ron Taylor,Don Taylor,Ted Raymond,Judy Clayton,Fritz Dominique,Angel Schmiedt,Nastassja Schmiedt,Muriel Moore",PG,An insurance salesman discovers his whole life is actually a reality TV show.
525,1.5K,United States,"English,German",Shutter Island,2010,"2,h, ,18,m",8.2,1.3M,"Mystery,Thriller,Back to top",Martin Scorsese,"Leonardo DiCaprio,Emily Mortimer,Mark Ruffalo,Ben Kingsley,Max von Sydow,Michelle Williams,Patricia Clarkson,Jackie Earle Haley,Ted Levine,John Carroll Lynch,Elias Koteas,Robin Bartlett,Christopher Denham,Nellie Sciutto,Joseph Sikora,Curtiss Cook,Raymond Anthony Thomas,Joseph McKenna",R,"In 1954, a U.S. Marshal investigates the disappearance of a murderer who escaped from a hospital for the criminally insane."
264,2.3K,United States,"English,Latin,Spanish",The Sixth Sense,1999,"1,h, ,47,m",8.2,992K,"Drama,Mystery,Thriller,Back to top",M. Night Shyamalan,"Bruce Willis,Haley Joel Osment,Toni Collette,Olivia Williams,Trevor Morgan,Donnie Wahlberg,Peter Anthony Tambakis,Jeffrey Zubernis,Bruce Norris,Glenn Fitzgerald,Greg Wood,Mischa Barton,Angelica Page,Lisa Summerour,Firdous Bamji,Samia Shoaib,Hayden Saunier,Janis Dardaris",PG-13,"A frightened, withdrawn Philadelphia boy who communicates with spirits seeks the help of a disheartened child psychologist."
143,685,United States,English,Unforgiven,1992,"2,h, ,10,m",8.2,413K,"Drama,Western,Back to top",Clint Eastwood,"Clint Eastwood,Gene Hackman,Morgan Freeman,Richard Harris,Jaimz Woolvett,Saul Rubinek,Frances Fisher,Anna Thomson,David Mucci,Rob Campbell,Anthony James,Tara Frederick,Beverley Elliott,Liisa Repo-Martell,Josie Smith,Shane Meier,Aline Levasseur,Cherrilene Cardinal",R,"Retired Old West gunslinger William Munny reluctantly takes on one last job, with the help of his old partner Ned Logan and a young man, The ""Schofield Kid."""
358,1.5K,United States,"English,American Sign Language",There Will Be Blood,2007,"2,h, ,38,m",8.2,587K,"Drama,Back to top",Paul Thomas Anderson,"Daniel Day-Lewis,Paul Dano,Ciarán Hinds,Martin Stringer,Matthew Braden Stringer,Jacob Stringer,Joseph Mussey,Barry Del Sherman,Harrison Taylor,Stockton Taylor,Paul F. Tompkins,Dillon Freasier,Kevin Breznahan,Jim Meskimen,Erica Sullivan,Randall Carver,Coco Leigh,Sydney McCallister",R,"A story of family, religion, hatred, oil and madness, focusing on a turn-of-the-century prospector in the early days of the business."
464,1.3K,"Mexico,Spain",Spanish,Pan's Labyrinth,2006,"1,h, ,58,m",8.2,670K,"Drama,Fantasy,War,Back to top",Guillermo del Toro,"Ivana Baquero,Ariadna Gil,Sergi López,Maribel Verdú,Doug Jones,Álex Angulo,Manolo Solo,César Vea,Roger Casamajor,Ivan Massagué,Gonzalo Uriarte,Eusebio Lázaro,Francisco Vidal,Juanjo Cucalón,Lina Mira,Mario Zorrilla,Sebastián Haro,Mila Espiga",R,"In the Falangist Spain of 1944, the bookish young stepdaughter of a sadistic army officer escapes into an eerie but captivating fantasy world."
170,329,"Japan,France",,Ran,1985,"2,h, ,42,m",8.2,126K,"Action,Drama,War,Back to top",Akira Kurosawa,"Tatsuya Nakadai,Akira Terao,Jinpachi Nezu,Daisuke Ryû,Mieko Harada,Yoshiko Miyazaki,Hisashi Igawa,Pîtâ,Masayuki Yui,Kazuo Katô,Norio Matsui,Toshiya Ito,Kenji Kodama,Takashi Watanabe,Mansai Nomura,Takeshi Katô,Jun Tazaki,Hitoshi Ueki",R,"In Medieval Japan, an elderly warlord retires, handing over his empire to his three sons. However, he vastly underestimates how the new-found power will corrupt them and cause them to turn on each other...and him."
106,248,United States,,Judgment at Nuremberg,1961,"2,h, ,59,m",8.3,78K,"Drama,War,Back to top",Stanley Kramer,"Spencer Tracy,Burt Lancaster,Richard Widmark,Marlene Dietrich,Maximilian Schell,Judy Garland,Montgomery Clift,William Shatner,Werner Klemperer,Kenneth MacKenna,Torben Meyer,Joseph Bernard,Alan Baxter,Edward Binns,Virginia Christine,Otto Waldis,Karl Swenson,Martin Brandt",Approved,"In 1948, an American court in occupied Germany tries four Nazis judged for war crimes."
427,1.7K,United States,"English,French",The Wolf of Wall Street,2013,"3,h",8.2,1.4M,"Biography,Comedy,Crime,Back to top",Martin Scorsese,"Leonardo DiCaprio,Jonah Hill,Margot Robbie,Matthew McConaughey,Kyle Chandler,Rob Reiner,Jon Bernthal,Jon Favreau,Jean Dujardin,Joanna Lumley,Cristin Milioti,Christine Ebersole,Shea Whigham,Katarina Cas,P.J. Byrne,Kenneth Choi,Brian Sacca,Henry Zebrowski",R,"Based on the true story of Jordan Belfort, from his rise to a wealthy stock-broker living the high life to his fall involving crime, corruption and the federal government."
154,740,"United States,France",,Casino,1995,"2,h, ,58,m",8.2,521K,"Crime,Drama,Back to top",Martin Scorsese,"Robert De Niro,Sharon Stone,Joe Pesci,James Woods,Don Rickles,Alan King,Kevin Pollak,L.Q. Jones,Dick Smothers,Frank Vincent,John Bloom,Pasquale Cajano,Melissa Prophet,Bill Allison,Vinny Vella,Philip Suriano,Erika von Tagen,Frankie Avalon",R,"A tale of greed, deception, money, power, and murder occur between two best friends: a mafia enforcer and a casino executive compete against each other over a gambling empire, and over a fast-living and fast-loving socialite."
155,421,United States,"English,French",All About Eve,1950,"2,h, ,18,m",8.2,132K,"Drama,Back to top",Joseph L. Mankiewicz,"Bette Davis,Anne Baxter,George Sanders,Celeste Holm,Gary Merrill,Hugh Marlowe,Gregory Ratoff,Barbara Bates,Marilyn Monroe,Thelma Ritter,Walter Hampden,Randy Stuart,Craig Hill,Leland Harris,Barbara White,Eddie Fisher,William Pullen,Claude Stroud",Passed,A seemingly timid but secretly ruthless ingénue insinuates herself into the lives of an aging Broadway star and her circle of theater friends.
317,1K,"United Kingdom,France,United States",English,The Father,2020,"1,h, ,37,m",8.2,154K,"Drama,Mystery,Back to top",Florian Zeller,"Anthony Hopkins,Olivia Colman,Mark Gatiss,Olivia Williams,Imogen Poots,Rufus Sewell,Ayesha Dharker,Roman Zeller,Adnan Kundi,Brian Rodger,Evie Wray",PG-13,"A man refuses all assistance from his daughter as he ages. As he tries to make sense of his changing circumstances, he begins to doubt his loved ones, his own mind and even the fabric of his reality."
426,1.7K,"United States,China","English,Italian,Russian,German",Green Book,2018,"2,h, ,10,m",8.2,491K,"Biography,Comedy,Drama,Back to top",Peter Farrelly,"Viggo Mortensen,Mahershala Ali,Linda Cardellini,Sebastian Maniscalco,Dimiter D. Marinov,Mike Hatton,P.J. Byrne,Joe Cortese,Maggie Nixon,Von Lewis,Jon Sortland,Don Stark,Anthony Mangano,Paul Sloan,Quinn Duffy,Seth Hurwitz,Hudson Galloway,Gavin Lyle Foley",PG-13,A working-class Italian-American bouncer becomes the driver for an African-American classical pianist on a tour of venues through the 1960s American South.
64,466,"India,United States","Hindi,English",Dangal,2016,"2,h, ,41,m",8.3,192K,"Action,Biography,Drama,Back to top",Nitesh Tiwari,"Aamir Khan,Sakshi Tanwar,Fatima Sana Shaikh,Sanya Malhotra,Aparshakti Khurana,Zaira Wasim,Suhani Bhatnagar,Ritvik Sahore,Girish Kulkarni,Ravi Aneja,Anurag Arora,Mahesh Balraj,Vivan Bhatena,Anmol Charan,Karamveer Choudhary,Ishika Gagneja,Badrul Islam,Jagbir",Not Rated,Former wrestler Mahavir Singh Phogat and his two wrestler daughters struggle towards glory at the Commonwealth Games in the face of societal oppression.
232,497,United States,,Some Like It Hot,1959,"2,h, ,1,m",8.2,268K,"Comedy,Music,Romance,Back to top",Billy Wilder,"Marilyn Monroe,Tony Curtis,Jack Lemmon,George Raft,Pat O'Brien,Joe E. Brown,Nehemiah Persoff,Joan Shawlee,Billy Gray,George E. Stone,Dave Barry,Mike Mazurki,Harry Wilson,Beverly Wills,Barbara Drew,Edward G. Robinson Jr.,Sam Bagley,Brandon Beach",Passed,"After two male musicians witness a mob hit, they flee the state in an all-female band disguised as women, but further complications set in."
340,3.1K,"United States,United Kingdom","English,Mandarin",Batman Begins,2005,"2,h, ,20,m",8.2,1.5M,"Action,Crime,Drama,Back to top",Christopher Nolan,"Christian Bale,Michael Caine,Ken Watanabe,Liam Neeson,Katie Holmes,Gary Oldman,Cillian Murphy,Tom Wilkinson,Rutger Hauer,Mark Boone Junior,Linus Roache,Morgan Freeman,Larry Holden,Gerard Murphy,Colin McFarlane,Sara Stewart,Gus Lewis,Richard Brake",PG-13,"After training with his mentor, Batman begins his fight to free crime-ridden Gotham City from corruption."
115,236,United States,English,The Kid,1921,"1,h, ,8,m",8.3,127K,"Comedy,Drama,Family,Back to top",Charles Chaplin,"Charles Chaplin,Edna Purviance,Jackie Coogan,Carl Miller,Albert Austin,Beulah Bains,Nellie Bly Baker,Henry Bergman,Edward Biby,B.F. Blinn,Kitty Bradbury,Frank Campeau,Bliss Chevalier,Frances Cochran,Elsie Codd,Jack Coogan Sr.,Estelle Cook,Lillian Crane",Passed,"The Tramp cares for an abandoned child, but events put their relationship in jeopardy."
37,443,India,Hindi,Like Stars on Earth,2007,"2,h, ,45,m",8.4,194K,"Drama,Family,Back to top",Aamir Khan,"Darsheel Safary,Aamir Khan,Tisca Chopra,Vipin Sharma,Sachet Engineer,Tanay Chheda,Lalitha Lajmi,Girija Oak,Ravi Khanvilkar,Pratima Kulkarni,Meghna Malik,Sonali Sachdev,Sanjay Dadhich,Rajgopal Iyer,Bugs Bhargava Krishna,Shankar Sachdev,M.K. Raina,Gurkirtan",PG,"An eight-year-old boy is thought to be a lazy trouble-maker, until the new art teacher has the patience and compassion to discover the real problem behind his struggles in school."
117,682,"Germany,Austria,Italy",,Downfall,2004,"2,h, ,36,m",8.2,357K,"Biography,Drama,History,Back to top",Oliver Hirschbiegel,"Bruno Ganz,Alexandra Maria Lara,Ulrich Matthes,Juliane Köhler,Corinna Harfouch,Heino Ferch,Christian Berkel,Matthias Habich,Thomas Kretschmann,Michael Mendl,André Hennicke,Ulrich Noethen,Birgit Minichmayr,Rolf Kanies,Justus von Dohnányi,Dieter Mann,Christian Redl,Götz Otto",R,"Traudl Junge, the final secretary for Adolf Hitler, tells of the Nazi dictator's final days in his Berlin bunker at the end of WWII."
522,3.4K,"United Kingdom,United States,India,Spain","English,French,German",1917,2019,"1,h, ,59,m",8.2,587K,"Action,Drama,War,Back to top",Sam Mendes,"Dean-Charles Chapman,George MacKay,Daniel Mays,Colin Firth,Pip Carter,Andy Apollo,Paul Tinto,Josef Davies,Billy Postlethwaite,Gabriel Akuwudike,Andrew Scott,Spike Leighton,Robert Maaser,Gerran Howell,Adam Hugill,Mark Strong,Richard McCabe,Benjamin Adams",R,"April 6th, 1917. As an infantry battalion assembles to wage war deep in enemy territory, two soldiers are assigned to race against time and deliver a message that will stop 1,600 men from walking straight into a deadly trap."
110,347,"Italy,Spain,West Germany",,For a Few Dollars More,1965,"2,h, ,12,m",8.2,258K,"Western,Back to top",Sergio Leone,"Clint Eastwood,Lee Van Cleef,Gian Maria Volontè,Mara Krupp,Luigi Pistilli,Klaus Kinski,Luis Rodríguez,Benito Stefanelli,Panos Papadopulos,Aldo Sambrell,Roberto Camardiel,Joseph Egger,Tomás Blanco,Lorenzo Robledo,Dante Maggio,Sergio Mendizábal,Diana Rabito,Giovanni Tarallo",R,Two bounty hunters with the same intentions team up to track down an escaped Mexican outlaw.
182,669,United States,"English,German,Greek,Arabic",Indiana Jones and the Last Crusade,1989,"2,h, ,7,m",8.2,755K,"Action,Adventure,Back to top",Steven Spielberg,"Harrison Ford,Sean Connery,Alison Doody,Denholm Elliott,John Rhys-Davies,Julian Glover,River Phoenix,Michael Byrne,Kevork Malikyan,Robert Eddison,Richard Young,Alexei Sayle,Alex Hyde-White,Paul Maxwell,Isla Blair,Vernon Dobtcheff,J.J. Hardy,Bradley Gregg",PG-13,"In 1938, after his father Professor Henry Jones, Sr. goes missing while pursuing the Holy Grail, Professor Henry ""Indiana"" Jones, Jr. finds himself up against Adolf Hitler's Nazis again to stop them from obtaining its powers."
204,1.1K,United States,"English,German,Italian,Japanese",Die Hard,1988,"2,h, ,12,m",8.2,876K,"Action,Thriller,Back to top",John McTiernan,"Bruce Willis,Alan Rickman,Bonnie Bedelia,Reginald VelJohnson,Paul Gleason,De'voreaux White,William Atherton,Hart Bochner,James Shigeta,Alexander Godunov,Bruno Doyon,Andreas Wisniewski,Clarence Gilyard Jr.,Joseph Plewa,Lorenzo Caccialanza,Gérard Bonn,Dennis Hayden,Al Leong",R,A New York City police officer tries to save his estranged wife and several others taken hostage by terrorists during a Christmas party at the Nakatomi Plaza in Los Angeles.
170,928,"United Kingdom,United States","English,Russian",Snatch,2000,"1,h, ,42,m",8.2,856K,"Comedy,Crime,Back to top",Guy Ritchie,"Jason Statham,Brad Pitt,Stephen Graham,Vinnie Jones,Ade,William Beck,Andy Beckwith,Ewen Bremner,Jason Buckham,Mickey Cantwell,Nicola Collins,Teena Collins,Charles Cork,James Cunningham,Sorcha Cusack,Mickey Dee,Benicio Del Toro,Sam Douglas",R,"Unscrupulous boxing promoters, violent bookmakers, a Russian gangster, incompetent amateur robbers and supposedly Jewish jewelers fight to track down a priceless stolen diamond."
142,355,Italy,,Bicycle Thieves,1948,"1,h, ,29,m",8.3,164K,"Drama,Back to top",Vittorio De Sica,"Lamberto Maggiorani,Enzo Staiola,Lianella Carell,Elena Altieri,Gino Saltamerenda,Giulio Chiari,Vittorio Antonucci,Michele Sakara,Fausto Guerzoni,Emma Druetti,Carlo Jachino,Giulio Battiferri,Ida Bracci Dorati,Nando Bruno,Eolo Capritti,Memmo Carotenuto,Giovanni Corporale,Veriano Ginesi",Not Rated,"In post-war Italy, a working-class man's bicycle is stolen, endangering his efforts to find work. He and his son set out to find it."
224,540,Germany,"German,English",Metropolis,1927,"2,h, ,33,m",8.3,175K,"Drama,Sci-Fi,Back to top",Fritz Lang,"Brigitte Helm,Alfred Abel,Gustav Fröhlich,Rudolf Klein-Rogge,Fritz Rasp,Theodor Loos,Erwin Biswanger,Heinrich George,Fritz Alberti,Grete Berger,Olly Boeheim,Max Dietze,Ellen Frey,Beatrice Garga,Heinrich Gotho,Dolly Grey,Anny Hintze,Gottfried Huppertz",Not Rated,"In a futuristic city sharply divided between the working class and the city planners, the son of the city's mastermind falls in love with a working-class prophet who predicts the coming of a savior to mediate their differences."
153,796,United States,English,L.A. Confidential,1997,"2,h, ,18,m",8.2,584K,"Crime,Drama,Mystery,Back to top",Curtis Hanson,"Kevin Spacey,Russell Crowe,Guy Pearce,Kim Basinger,James Cromwell,Danny DeVito,David Strathairn,Ron Rifkin,Matt McCoy,Paul Guilfoyle,Paolo Seganti,Elisabeth Granli,Sandra Taylor,Steve Rankin,Graham Beckel,Allan Graf,Precious Chong,Symba",R,"As corruption grows in 1950s Los Angeles, three policemen - one strait-laced, one brutal, and one sleazy - investigate a series of murders with their own brand of justice."
378,422,"Iran,France,Australia",Persian,A Separation,2011,"2,h, ,3,m",8.3,246K,"Drama,Back to top",Asghar Farhadi,"Payman Maadi,Leila Hatami,Sareh Bayat,Shahab Hosseini,Sarina Farhadi,Merila Zare'i,Ali-Asghar Shahbazi,Babak Karimi,Kimia Hosseini,Shirin Yazdanbakhsh,Sohibanoo Zolqadr,Mohammadhasan Asghari,Shirin Azimiyannezhad,Hamid Dadju,Mohammad Ebrahimian,Samad Farhang,Ali Fattahi,Nafise Ghodrati",PG-13,A married couple are faced with a difficult decision - to improve the life of their child by moving to another country or to stay in Iran and look after a deteriorating parent who has Alzheimer's disease.
216,1.2K,United States,"English,Spanish",Heat,1995,"2,h, ,50,m",8.3,655K,"Action,Crime,Drama,Back to top",Michael Mann,"Al Pacino,Robert De Niro,Val Kilmer,Jon Voight,Tom Sizemore,Diane Venora,Amy Brenneman,Ashley Judd,Mykelti Williamson,Wes Studi,Ted Levine,Dennis Haysbert,William Fichtner,Natalie Portman,Tom Noonan,Kevin Gage,Hank Azaria,Susan Traylor",R,A group of high-end professional thieves start to feel the heat from the LAPD when they unknowingly leave a clue at their latest heist.
136,350,United States,,The Sting,1973,"2,h, ,9,m",8.3,263K,"Comedy,Crime,Drama,Back to top",George Roy Hill,"Paul Newman,Robert Redford,Robert Shaw,Charles Durning,Ray Walston,Eileen Brennan,Harold Gould,John Heffernan,Dana Elcar,Jack Kehoe,Dimitra Arliss,Robert Earl Jones,James Sloyan,Charles Dierkop,Lee Paul,Sally Kirkland,Avon Long,Arch Johnson",PG,Two grifters team up to pull off the ultimate con.
409,1K,United States,English,Up,2009,"1,h, ,36,m",8.3,1M,"Animation,Adventure,Comedy,Back to top",Pete Docter,"Edward Asner,Jordan Nagai,John Ratzenberger,Christopher Plummer,Bob Peterson,Delroy Lindo,Jerome Ranft,David Kaye,Elie Docter,Jeremy Leary,Mickie McGowan,Danny Mann,Donald Fullilove,Jess Harnell,Josh Cooley,Pete Docter,Mark Andrews,Bob Bergen",PG,"78-year-old Carl Fredricksen travels to Paradise Falls in his house equipped with balloons, inadvertently taking a young stowaway."
304,1.4K,United States,,Taxi Driver,1976,"1,h, ,54,m",8.2,831K,"Crime,Drama,Back to top",Martin Scorsese,"Robert De Niro,Jodie Foster,Cybill Shepherd,Albert Brooks,Diahnne Abbott,Frank Adu,Victor Argo,Gino Ardito,Garth Avery,Peter Boyle,Harry Cohn,Copper Cunningham,Brenda Dickson,Harry Fischler,Nat Grant,Leonard Harris,Richard Higgs,Beau Kayser",R,"A mentally unstable veteran works as a nighttime taxi driver in New York City, where the perceived decadence and sleaze fuels his urge for violent action."
247,326,"Canada,France","French,Arabic,English",Incendies,2010,"2,h, ,11,m",8.3,179K,"Drama,Mystery,Back to top",Denis Villeneuve,"Lubna Azabal,Mélissa Désormeaux-Poulin,Maxim Gaudette,Mustafa Kamel,Hussein Sami,Rémy Girard,Dominique Briand,Frédéric Paquet,Hamed Najem,Ahmad Massad,Bader Alami,Majida Hussein,Asriah Nijres,John Dunn-Hill,Nadia Essadiqi,Chaouki Charbel,Axel Garbi,Amine Benzenine",R,Twins journey to the Middle East to discover their family history and fulfill their mother's last wishes.
166,611,United States,English,To Kill a Mockingbird,1962,"2,h, ,9,m",8.3,318K,"Crime,Drama,Back to top",Robert Mulligan,"Gregory Peck,John Megna,Frank Overton,Rosemary Murphy,Ruth White,Brock Peters,Estelle Evans,Paul Fix,Collin Wilcox Paxton,James Anderson,Alice Ghostley,Robert Duvall,William Windom,Crahan Denton,Richard Hale,Mary Badham,Phillip Alford,R.L. Armstrong",Approved,"Atticus Finch, a widowed lawyer in Depression-era Alabama, defends a black man against an undeserved rape charge, and his children against prejudice."
186,1.2K,United States,"English,Spanish",Scarface,1983,"2,h, ,50,m",8.3,840K,"Crime,Drama,Back to top",Brian De Palma,"Al Pacino,Michelle Pfeiffer,Steven Bauer,Mary Elizabeth Mastrantonio,Robert Loggia,Miriam Colon,F. Murray Abraham,Paul Shenar,Harris Yulin,Ángel Salazar,Arnaldo Santana,Pepe Serna,Michael P. Moran,Al Israel,Dennis Holahan,Mark Margolis,Michael Alldredge,Ted Beniades",R,"In 1980 Miami, a determined Cuban immigrant takes over a drug cartel and succumbs to greed."
106,715,United States,English,Hamilton,2020,"2,h, ,40,m",8.4,95K,"Biography,Drama,History,Back to top",Thomas Kail,"Lin-Manuel Miranda,Phillipa Soo,Leslie Odom Jr.,Renée Elise Goldsberry,Daveed Diggs,Jonathan Groff,Chris Jackson,Jasmine Cephas Jones,Okieriete Onaodowan,Anthony Ramos,Carleigh Bettiol,Ariana DeBose,Hope Easterbrook,Sydney James Harcourt,Sasha Hutchings,Thayne Jasperson,Elizabeth Judd,Jon Rua",PG-13,"The real life of one of America's foremost founding fathers and first Secretary of the Treasury, Alexander Hamilton. Captured live on Broadway from the Richard Rodgers Theater with the original Broadway cast."
168,950,"United Kingdom,United States",,Full Metal Jacket,1987,"1,h, ,56,m",8.3,743K,"Drama,War,Back to top",Stanley Kubrick,"Matthew Modine,R. Lee Ermey,Vincent D'Onofrio,Adam Baldwin,Dorian Harewood,Kevyn Major Howard,Arliss Howard,Ed O'Ross,John Terry,Kieron Jecchinis,Kirk Taylor,Tim Colceri,Jon Stafford,Bruce Boa,Ian Tyler,Sal Lopez,Gary Landon Mills,Papillon Soo",R,A pragmatic U.S. Marine observes the dehumanizing effects the Vietnam War has on his fellow recruits from their brutal boot camp training to the bloody street fighting in Hue.
93,249,Japan,,Ikiru,1952,"2,h, ,23,m",8.3,79K,"Drama,Back to top",Akira Kurosawa,"Takashi Shimura,Nobuo Kaneko,Shin'ichi Himori,Haruo Tanaka,Minoru Chiaki,Miki Odagiri,Bokuzen Hidari,Minosuke Yamada,Kamatari Fujiwara,Makoto Kobori,Nobuo Nakamura,Atsushi Watanabe,Isao Kimura,Masao Shimizu,Yûnosuke Itô,Kumeko Urabe,Eiko Miyoshi,Noriko Honma",Not Rated,A bureaucrat tries to find meaning in his life after he discovers he has terminal cancer.
154,1.5K,"France,Germany","French,Russian,English",Amélie,2001,"2,h, ,2,m",8.3,757K,"Comedy,Romance,Back to top",Jean-Pierre Jeunet,"Audrey Tautou,Mathieu Kassovitz,Rufus,Lorella Cravotta,Serge Merlin,Jamel Debbouze,Clotilde Mollet,Claire Maurier,Isabelle Nanty,Dominique Pinon,Artus de Penguern,Yolande Moreau,Urbain Cancelier,Maurice Bénichou,Michel Robin,Andrée Damant,Claude Perron,Armelle",R,"Amélie is an innocent and naive girl in Paris with her own sense of justice. She decides to help those around her and, along the way, discovers love."
